{
  "name": "Get Connect product info by ProductRatePlanId",
  "description": "When there is a new call for callable recipe, do action",
  "version": 4,
  "private": true,
  "concurrency": 1,
  "code": {
    "number": 0,
    "provider": "workato_service",
    "name": "receive_request",
    "as": "a71829a7",
    "title": null,
    "description": "New <span class=\"provider\">call</span> for <span class=\"provider\">Get Product by RatePlanId</span>",
    "keyword": "trigger",
    "dynamicPickListSelection": {
    },
    "toggleCfg": {
    },
    "input": {
      "service_name": "Get Product by RatePlanId",
      "request_schema_json": "[{\"name\":\"ProductRatePlanId\",\"type\":\"string\",\"optional\":false,\"control_type\":\"text\"}]",
      "reply_schema_json": "[{\"control_type\":\"text\",\"label\":\"Connect product ID\",\"name\":\"ConnectProductID\",\"type\":\"string\",\"optional\":false},{\"control_type\":\"text\",\"label\":\"Connect product item ID\",\"name\":\"ConnectProductItemID\",\"type\":\"string\",\"optional\":false}]"
    },
    "extended_output_schema": [
      {
        "type": "object",
        "name": "request",
        "label": "Recipe input",
        "properties": [
          {
            "control_type": "text",
            "label": "Product rate plan ID",
            "name": "ProductRatePlanId",
            "type": "string",
            "optional": false
          }
        ]
      }
    ],
    "block": [
      {
        "number": 1,
        "keyword": "if",
        "dynamicPickListSelection": {
        },
        "toggleCfg": {
        },
        "input": {
          "type": "compound",
          "operand": "and",
          "conditions": [
            {
              "operand": "is_not_true",
              "lhs": "=_('data.workato_service.a71829a7.request.ProductRatePlanId').blank?",
              "rhs": "",
              "uuid": "condition-de8892c0-6de9-4d63-bc73-1a78e4d18653"
            }
          ]
        },
        "block": [
          {
            "number": 2,
            "provider": "zuora",
            "name": "get_object",
            "as": "ecb703ed",
            "title": null,
            "description": "Get <span class=\"provider\">product rate plan</span> by ID in <span class=\"provider\">Zuora</span>",
            "keyword": "action",
            "dynamicPickListSelection": {
              "object": "Product Rate Plan"
            },
            "toggleCfg": {
            },
            "input": {
              "object": "product_rate_plan",
              "id": "#{_('data.workato_service.a71829a7.request.ProductRatePlanId')}"
            },
            "extended_output_schema": [
              {
                "type": "string",
                "name": "ProductId",
                "control_type": "text",
                "label": "Product ID",
                "optional": true
              },
              {
                "type": "string",
                "name": "Id",
                "control_type": "text",
                "label": "ID",
                "optional": true
              },
              {
                "type": "string",
                "name": "CreatedById",
                "control_type": "text",
                "label": "Created by ID",
                "optional": true
              },
              {
                "type": "date_time",
                "name": "CreatedDate",
                "control_type": "text",
                "label": "Created date",
                "optional": true,
                "render_input": "date_time_conversion",
                "parse_output": "date_time_conversion"
              },
              {
                "type": "date_time",
                "name": "UpdatedDate",
                "control_type": "text",
                "label": "Updated date",
                "optional": true,
                "render_input": "date_time_conversion",
                "parse_output": "date_time_conversion"
              },
              {
                "type": "string",
                "name": "EffectiveStartDate",
                "control_type": "text",
                "label": "Effective start date",
                "optional": true
              },
              {
                "type": "string",
                "name": "UpdatedById",
                "control_type": "text",
                "label": "Updated by ID",
                "optional": true
              },
              {
                "type": "string",
                "name": "name",
                "control_type": "text",
                "label": "Name",
                "optional": true
              },
              {
                "type": "string",
                "name": "EffectiveEndDate",
                "control_type": "text",
                "label": "Effective end date",
                "optional": true
              },
              {
                "type": "string",
                "name": "Description",
                "control_type": "text",
                "label": "Description",
                "optional": true
              },
              {
                "type": "string",
                "name": "ActiveCurrencies",
                "control_type": "text",
                "label": "Active currencies",
                "optional": true
              },
              {
                "type": "string",
                "name": "BillingPeriod__NS",
                "control_type": "text",
                "label": "Billing period NS",
                "optional": true
              },
              {
                "type": "string",
                "name": "Class__NS",
                "control_type": "text",
                "label": "Class NS",
                "optional": true
              },
              {
                "type": "string",
                "name": "Department__NS",
                "control_type": "text",
                "label": "Department NS",
                "optional": true
              },
              {
                "type": "string",
                "name": "IncludeChildren__NS",
                "control_type": "text",
                "label": "Include children NS",
                "optional": true
              },
              {
                "type": "string",
                "name": "IntegrationId__NS",
                "control_type": "text",
                "label": "Integration ID NS",
                "optional": true
              },
              {
                "type": "string",
                "name": "IntegrationStatus__NS",
                "control_type": "text",
                "label": "Integration status NS",
                "optional": true
              },
              {
                "type": "string",
                "name": "ItemType__NS",
                "control_type": "text",
                "label": "Item type NS",
                "optional": true
              },
              {
                "type": "string",
                "name": "Location__NS",
                "control_type": "text",
                "label": "Location NS",
                "optional": true
              },
              {
                "type": "string",
                "name": "MultiCurrencyPrice__NS",
                "control_type": "text",
                "label": "Multi currency price NS",
                "optional": true
              },
              {
                "type": "string",
                "name": "Price__NS",
                "control_type": "text",
                "label": "Price NS",
                "optional": true
              },
              {
                "type": "string",
                "name": "Subsidiary__NS",
                "control_type": "text",
                "label": "Subsidiary NS",
                "optional": true
              },
              {
                "type": "string",
                "name": "SyncDate__NS",
                "control_type": "text",
                "label": "Sync date NS",
                "optional": true
              },
              {
                "type": "string",
                "name": "ConnectProductItemID__c",
                "control_type": "text",
                "label": "Connect Product Item ID",
                "optional": true,
                "custom": true
              },
              {
                "type": "string",
                "name": "PromotionCode__c",
                "control_type": "text",
                "label": "Promotion Code",
                "optional": true,
                "custom": true
              },
              {
                "type": "string",
                "name": "test_cid__c",
                "control_type": "text",
                "label": "test_cid",
                "optional": true,
                "custom": true
              }
            ],
            "extended_input_schema": [
              {
                "type": "string",
                "name": "id",
                "control_type": "text",
                "label": "Product rate plan ID",
                "hint": "Provide product rate plan ID or number.",
                "optional": false
              }
            ],
            "uuid": "173cf9c7-3a31-4fc4-ac2a-26b91eac360f"
          },
          {
            "number": 3,
            "provider": "zuora",
            "name": "search_records",
            "as": "bf65e155",
            "title": null,
            "description": "Search <span class=\"provider\">products</span> in <span class=\"provider\">Zuora</span>",
            "keyword": "action",
            "dynamicPickListSelection": {
              "object": "Product"
            },
            "toggleCfg": {
            },
            "input": {
              "object": "Product",
              "Id": "#{_('data.zuora.ecb703ed.ProductId')}"
            },
            "extended_output_schema": [
              {
                "type": "array",
                "name": "records",
                "label": "Records",
                "optional": true,
                "of": "object",
                "properties": [
                  {
                    "control_type": "number",
                    "label": "AllowFeatureChanges",
                    "parse_output": "float_conversion",
                    "hint": "Controls whether to allow your users to add or remove features while creating or amending a subscription.",
                    "optional": true,
                    "type": "number",
                    "name": "AllowFeatureChanges"
                  },
                  {
                    "control_type": "text",
                    "label": "Category",
                    "hint": "Allowed values are: <b>Base Products</b>, <b>Add On Services</b> or <b>Miscellaneous Products</b>.",
                    "optional": true,
                    "type": "string",
                    "name": "Category"
                  },
                  {
                    "control_type": "text",
                    "label": "Connect Product ID",
                    "optional": true,
                    "type": "string",
                    "name": "ConnectProductID__c"
                  },
                  {
                    "control_type": "select",
                    "label": "Corporate Region",
                    "pick_list": [
                      [
                        "Global",
                        "Global"
                      ],
                      [
                        "APJ",
                        "APJ"
                      ],
                      [
                        "Australia",
                        "Australia"
                      ],
                      [
                        "China",
                        "China"
                      ],
                      [
                        "Japan",
                        "Japan"
                      ],
                      [
                        "New Zealand",
                        "New Zealand"
                      ],
                      [
                        "EMEA",
                        "EMEA"
                      ],
                      [
                        "France",
                        "France"
                      ],
                      [
                        "Germany",
                        "Germany"
                      ],
                      [
                        "Nordics",
                        "Nordics"
                      ],
                      [
                        "UK",
                        "UK"
                      ],
                      [
                        "North America",
                        "North America"
                      ],
                      [
                        "USA",
                        "USA"
                      ],
                      [
                        "Central",
                        "Central"
                      ],
                      [
                        "Northeast",
                        "Northeast"
                      ],
                      [
                        "Northwest",
                        "Northwest"
                      ],
                      [
                        "Southeast",
                        "Southeast"
                      ],
                      [
                        "Southwest",
                        "Southwest"
                      ],
                      [
                        "Canada",
                        "Canada"
                      ],
                      [
                        "Mexico",
                        "Mexico"
                      ]
                    ],
                    "toggle_hint": "Select from list",
                    "toggle_field": {
                      "name": "CorporateRegion__h",
                      "label": "Corporate Region",
                      "toggle_hint": "Use custom value",
                      "type": "string",
                      "control_type": "text"
                    },
                    "optional": true,
                    "type": "string",
                    "name": "CorporateRegion__h"
                  },
                  {
                    "control_type": "text",
                    "label": "Created By ID",
                    "optional": true,
                    "type": "string",
                    "name": "CreatedById"
                  },
                  {
                    "control_type": "date_time",
                    "label": "Created Date",
                    "render_input": "date_time_conversion",
                    "parse_output": "date_time_conversion",
                    "optional": true,
                    "type": "date_time",
                    "name": "CreatedDate"
                  },
                  {
                    "control_type": "text",
                    "label": "Description",
                    "hint": "A descriptionof the product.",
                    "optional": true,
                    "type": "string",
                    "name": "Description"
                  },
                  {
                    "control_type": "text",
                    "label": "Downgrade Path (SKU)",
                    "optional": true,
                    "type": "string",
                    "name": "DowngradePathSKU__c"
                  },
                  {
                    "control_type": "date",
                    "label": "Effective End Date",
                    "render_input": "date_conversion",
                    "parse_output": "date_conversion",
                    "hint": "The date the product expires.",
                    "optional": true,
                    "type": "date_time",
                    "name": "EffectiveEndDate"
                  },
                  {
                    "control_type": "date",
                    "label": "Effective Start Date",
                    "render_input": "date_conversion",
                    "parse_output": "date_conversion",
                    "hint": "The date the product becomes available.",
                    "optional": true,
                    "type": "date_time",
                    "name": "EffectiveStartDate"
                  },
                  {
                    "control_type": "text",
                    "label": "ID",
                    "hint": "Enter the <b>ID</b> of the product you want to update.",
                    "optional": true,
                    "type": "string",
                    "name": "Id"
                  },
                  {
                    "control_type": "text",
                    "label": "Name",
                    "hint": "The name of the product.",
                    "optional": true,
                    "type": "string",
                    "name": "Name"
                  },
                  {
                    "control_type": "text",
                    "label": "Partner Commission %",
                    "optional": true,
                    "type": "string",
                    "name": "PartnerCommission__c"
                  },
                  {
                    "control_type": "select",
                    "label": "Product Manager",
                    "pick_list": [
                      [
                        "Dan Swanson",
                        "Dan Swanson"
                      ],
                      [
                        "Sandy Taylor",
                        "Sandy Taylor"
                      ],
                      [
                        "Bruce Wilson",
                        "Bruce Wilson"
                      ],
                      [
                        "Deb Johnson",
                        "Deb Johnson"
                      ],
                      [
                        "Mary Swanson",
                        "Mary Swanson"
                      ]
                    ],
                    "toggle_hint": "Select from list",
                    "toggle_field": {
                      "name": "ProductManager__c",
                      "label": "Product Manager",
                      "toggle_hint": "Use custom value",
                      "type": "string",
                      "control_type": "text"
                    },
                    "optional": true,
                    "type": "string",
                    "name": "ProductManager__c"
                  },
                  {
                    "control_type": "text",
                    "label": "SKU",
                    "hint": "The unique SKU for the product.",
                    "optional": true,
                    "type": "string",
                    "name": "SKU"
                  },
                  {
                    "control_type": "text",
                    "label": "Updated By ID",
                    "optional": true,
                    "type": "string",
                    "name": "UpdatedById"
                  },
                  {
                    "control_type": "date_time",
                    "label": "Updated Date",
                    "render_input": "date_time_conversion",
                    "parse_output": "date_time_conversion",
                    "optional": true,
                    "type": "date_time",
                    "name": "UpdatedDate"
                  },
                  {
                    "control_type": "text",
                    "label": "Upgrade Path (SKU)",
                    "optional": true,
                    "type": "string",
                    "name": "UpgradePathSKU__c"
                  }
                ]
              }
            ],
            "extended_input_schema": [
              {
                "type": "number",
                "name": "AllowFeatureChanges",
                "control_type": "number",
                "label": "AllowFeatureChanges",
                "hint": "Controls whether to allow your users to add or remove features while creating or amending a subscription.",
                "optional": true,
                "parse_output": "float_conversion"
              },
              {
                "type": "string",
                "name": "Category",
                "control_type": "text",
                "label": "Category",
                "hint": "Allowed values are: <b>Base Products</b>, <b>Add On Services</b> or <b>Miscellaneous Products</b>.",
                "optional": true
              },
              {
                "type": "string",
                "name": "ConnectProductID__c",
                "control_type": "text",
                "label": "Connect Product ID",
                "optional": true
              },
              {
                "type": "string",
                "name": "CorporateRegion__h",
                "control_type": "select",
                "label": "Corporate Region",
                "pick_list": [
                  [
                    "Global",
                    "Global"
                  ],
                  [
                    "APJ",
                    "APJ"
                  ],
                  [
                    "Australia",
                    "Australia"
                  ],
                  [
                    "China",
                    "China"
                  ],
                  [
                    "Japan",
                    "Japan"
                  ],
                  [
                    "New Zealand",
                    "New Zealand"
                  ],
                  [
                    "EMEA",
                    "EMEA"
                  ],
                  [
                    "France",
                    "France"
                  ],
                  [
                    "Germany",
                    "Germany"
                  ],
                  [
                    "Nordics",
                    "Nordics"
                  ],
                  [
                    "UK",
                    "UK"
                  ],
                  [
                    "North America",
                    "North America"
                  ],
                  [
                    "USA",
                    "USA"
                  ],
                  [
                    "Central",
                    "Central"
                  ],
                  [
                    "Northeast",
                    "Northeast"
                  ],
                  [
                    "Northwest",
                    "Northwest"
                  ],
                  [
                    "Southeast",
                    "Southeast"
                  ],
                  [
                    "Southwest",
                    "Southwest"
                  ],
                  [
                    "Canada",
                    "Canada"
                  ],
                  [
                    "Mexico",
                    "Mexico"
                  ]
                ],
                "optional": true,
                "toggle_hint": "Select from list",
                "toggle_field": {
                  "name": "CorporateRegion__h",
                  "label": "Corporate Region",
                  "toggle_hint": "Use custom value",
                  "type": "string",
                  "control_type": "text"
                }
              },
              {
                "type": "string",
                "name": "CreatedById",
                "control_type": "text",
                "label": "Created By ID",
                "optional": true
              },
              {
                "type": "date_time",
                "name": "CreatedDate",
                "control_type": "date_time",
                "label": "Created Date",
                "optional": true,
                "render_input": "date_time_conversion",
                "parse_output": "date_time_conversion"
              },
              {
                "type": "string",
                "name": "Description",
                "control_type": "text",
                "label": "Description",
                "hint": "A descriptionof the product.",
                "optional": true
              },
              {
                "type": "string",
                "name": "DowngradePathSKU__c",
                "control_type": "text",
                "label": "Downgrade Path (SKU)",
                "optional": true
              },
              {
                "type": "date_time",
                "name": "EffectiveEndDate",
                "control_type": "date",
                "label": "Effective End Date",
                "hint": "The date the product expires.",
                "optional": true,
                "render_input": "date_conversion",
                "parse_output": "date_conversion"
              },
              {
                "type": "date_time",
                "name": "EffectiveStartDate",
                "control_type": "date",
                "label": "Effective Start Date",
                "hint": "The date the product becomes available.",
                "optional": true,
                "render_input": "date_conversion",
                "parse_output": "date_conversion"
              },
              {
                "type": "string",
                "name": "Id",
                "control_type": "text",
                "label": "ID",
                "hint": "Enter the <b>ID</b> of the product you want to update.",
                "optional": true
              },
              {
                "type": "string",
                "name": "Name",
                "control_type": "text",
                "label": "Name",
                "hint": "The name of the product.",
                "optional": true
              },
              {
                "type": "string",
                "name": "PartnerCommission__c",
                "control_type": "text",
                "label": "Partner Commission %",
                "optional": true
              },
              {
                "type": "string",
                "name": "ProductManager__c",
                "control_type": "select",
                "label": "Product Manager",
                "pick_list": [
                  [
                    "Dan Swanson",
                    "Dan Swanson"
                  ],
                  [
                    "Sandy Taylor",
                    "Sandy Taylor"
                  ],
                  [
                    "Bruce Wilson",
                    "Bruce Wilson"
                  ],
                  [
                    "Deb Johnson",
                    "Deb Johnson"
                  ],
                  [
                    "Mary Swanson",
                    "Mary Swanson"
                  ]
                ],
                "optional": true,
                "toggle_hint": "Select from list",
                "toggle_field": {
                  "name": "ProductManager__c",
                  "label": "Product Manager",
                  "toggle_hint": "Use custom value",
                  "type": "string",
                  "control_type": "text"
                }
              },
              {
                "type": "string",
                "name": "SKU",
                "control_type": "text",
                "label": "SKU",
                "hint": "The unique SKU for the product.",
                "optional": true
              },
              {
                "type": "string",
                "name": "UpdatedById",
                "control_type": "text",
                "label": "Updated By ID",
                "optional": true
              },
              {
                "type": "date_time",
                "name": "UpdatedDate",
                "control_type": "date_time",
                "label": "Updated Date",
                "optional": true,
                "render_input": "date_time_conversion",
                "parse_output": "date_time_conversion"
              },
              {
                "type": "string",
                "name": "UpgradePathSKU__c",
                "control_type": "text",
                "label": "Upgrade Path (SKU)",
                "optional": true
              }
            ],
            "visible_config_fields": [
              "object",
              "Id"
            ],
            "uuid": "dc54de6c-7bad-4665-b30d-2e87d396dccf"
          },
          {
            "number": 4,
            "keyword": "if",
            "dynamicPickListSelection": {
            },
            "toggleCfg": {
            },
            "input": {
              "type": "compound",
              "operand": "or",
              "conditions": [
                {
                  "operand": "is_true",
                  "lhs": "=_('data.zuora.bf65e155.records.first.ConnectProductID__c').blank?",
                  "rhs": null,
                  "uuid": "condition-1aaee8f8-17aa-4a92-bdfc-5a38be584459"
                },
                {
                  "operand": "is_true",
                  "lhs": "=_('data.zuora.ecb703ed.ConnectProductItemID__c').blank?",
                  "rhs": null,
                  "uuid": "condition-a98519b0-5016-4de2-ad90-cfebae9d9999"
                }
              ]
            },
            "block": [
              {
                "number": 5,
                "keyword": "stop",
                "dynamicPickListSelection": {
                },
                "toggleCfg": {
                },
                "input": {
                  "stop_with_error": "false"
                },
                "uuid": "9b6df2de-a557-499c-a66d-18edc4d78913"
              }
            ],
            "uuid": "56bc5d29-f63f-4232-b7d7-a9a2765a0616"
          }
        ],
        "uuid": "71114d0b-9c3a-4689-8a4c-f9a2315e699e"
      },
      {
        "number": 6,
        "provider": "workato_service",
        "name": "send_reply",
        "as": "81860132",
        "title": null,
        "description": "Return <span class=\"provider\">response</span> from <span class=\"provider\">Get Product by RatePlanId</span>",
        "keyword": "action",
        "dynamicPickListSelection": {
        },
        "toggleCfg": {
        },
        "input": {
          "reply_type": "success",
          "reply": {
            "ConnectProductID": "#{_('data.zuora.bf65e155.records.first.ConnectProductID__c')}",
            "ConnectProductItemID": "#{_('data.zuora.ecb703ed.ConnectProductItemID__c')}"
          }
        },
        "extended_input_schema": [
          {
            "type": "object",
            "name": "reply",
            "label": "Reply",
            "properties": [
              {
                "control_type": "text",
                "label": "Connect product ID",
                "name": "ConnectProductID",
                "type": "string",
                "optional": false,
                "parent": "reply"
              },
              {
                "control_type": "text",
                "label": "Connect product item ID",
                "name": "ConnectProductItemID",
                "type": "string",
                "optional": false,
                "parent": "reply"
              }
            ]
          }
        ],
        "uuid": "9709f74a-afac-4b73-a40c-cb9fc222f065"
      }
    ],
    "uuid": "37b95b65-fd21-492e-8b80-963ea9315f2e"
  },
  "config": [
    {
      "keyword": "application",
      "provider": "workato_service",
      "skip_validation": false,
      "account_id": null
    },
    {
      "keyword": "application",
      "provider": "zuora",
      "skip_validation": false,
      "account_id": {
        "zip_name": "Connections/zuora.connection.json",
        "name": "Zuora",
        "folder": "Connections"
      }
    }
  ]
}