{
  "name": "GetQuantity",
  "description": "When there is a new call for callable recipe, do action",
  "version": 4,
  "private": true,
  "concurrency": 1,
  "code": {
    "number": 0,
    "provider": "workato_service",
    "name": "receive_request",
    "as": "c3f2d27a",
    "title": null,
    "description": "New <span class=\"provider\">call</span> for <span class=\"provider\">GetQuantity</span>",
    "keyword": "trigger",
    "dynamicPickListSelection": {
    },
    "toggleCfg": {
    },
    "input": {
      "service_name": "GetQuantity",
      "request_schema_json": "[{\"properties\":[{\"properties\":[{\"control_type\":\"text\",\"label\":\"Quantity\",\"name\":\"quantity\",\"type\":\"string\",\"optional\":true}],\"label\":\"One time volume\",\"name\":\"oneTimeVolume\",\"type\":\"object\",\"optional\":true},{\"properties\":[{\"control_type\":\"text\",\"label\":\"Quantity\",\"name\":\"quantity\",\"type\":\"string\",\"optional\":true}],\"label\":\"One time flat fee\",\"name\":\"oneTimeFlatFee\",\"type\":\"object\",\"optional\":true},{\"properties\":[{\"control_type\":\"text\",\"label\":\"Quantity\",\"name\":\"quantity\",\"type\":\"string\",\"optional\":true}],\"label\":\"One time per unit\",\"name\":\"oneTimePerUnit\",\"type\":\"object\",\"optional\":true},{\"properties\":[{\"control_type\":\"text\",\"label\":\"Quantity\",\"name\":\"quantity\",\"type\":\"string\",\"optional\":true}],\"label\":\"One time tiered\",\"name\":\"oneTimeTiered\",\"type\":\"object\",\"optional\":true},{\"properties\":[{\"control_type\":\"text\",\"label\":\"Quantity\",\"name\":\"quantity\",\"type\":\"string\",\"optional\":true}],\"label\":\"Recurring tiered\",\"name\":\"recurringTiered\",\"type\":\"object\",\"optional\":true},{\"properties\":[{\"control_type\":\"text\",\"label\":\"Quantity\",\"name\":\"quantity\",\"type\":\"string\",\"optional\":true}],\"label\":\"Recurring per unit\",\"name\":\"recurringPerUnit\",\"type\":\"object\",\"optional\":true},{\"properties\":[{\"control_type\":\"text\",\"label\":\"Quantity\",\"name\":\"quantity\",\"type\":\"string\",\"optional\":true}],\"label\":\"Recurring flat fee\",\"name\":\"recurringFlatFee\",\"type\":\"object\",\"optional\":true},{\"properties\":[{\"control_type\":\"text\",\"label\":\"Quantity\",\"name\":\"quantity\",\"type\":\"string\",\"optional\":true},{\"name\":\"tiers\",\"type\":\"array\",\"of\":\"object\",\"label\":\"Tiers\",\"optional\":true,\"properties\":[{\"control_type\":\"text\",\"label\":\"Tier\",\"name\":\"tier\",\"type\":\"string\",\"optional\":true},{\"control_type\":\"text\",\"label\":\"Starting unit\",\"name\":\"startingUnit\",\"type\":\"string\",\"optional\":true},{\"control_type\":\"text\",\"label\":\"Ending unit\",\"name\":\"endingUnit\",\"type\":\"string\",\"optional\":true},{\"control_type\":\"text\",\"label\":\"Price\",\"name\":\"price\",\"type\":\"string\",\"optional\":true},{\"control_type\":\"text\",\"label\":\"Price format\",\"name\":\"priceFormat\",\"type\":\"string\",\"optional\":true}]},{\"control_type\":\"text\",\"label\":\"Price change option\",\"name\":\"priceChangeOption\",\"type\":\"string\",\"optional\":true},{\"control_type\":\"text\",\"label\":\"Price increase percentage\",\"name\":\"priceIncreasePercentage\",\"type\":\"string\",\"optional\":true}],\"label\":\"Recurring volume\",\"name\":\"recurringVolume\",\"type\":\"object\",\"optional\":true}],\"label\":\"Pricing\",\"name\":\"pricing\",\"type\":\"object\",\"optional\":true}]",
      "reply_schema_json": "[{\"name\":\"quantity\",\"type\":\"integer\",\"optional\":false,\"control_type\":\"integer\"}]"
    },
    "extended_output_schema": [
      {
        "type": "object",
        "name": "request",
        "label": "Recipe input",
        "properties": [
          {
            "properties": [
              {
                "properties": [
                  {
                    "control_type": "text",
                    "label": "Quantity",
                    "name": "quantity",
                    "type": "string",
                    "optional": true
                  }
                ],
                "label": "One time volume",
                "name": "oneTimeVolume",
                "type": "object",
                "optional": true
              },
              {
                "properties": [
                  {
                    "control_type": "text",
                    "label": "Quantity",
                    "name": "quantity",
                    "type": "string",
                    "optional": true
                  }
                ],
                "label": "One time flat fee",
                "name": "oneTimeFlatFee",
                "type": "object",
                "optional": true
              },
              {
                "properties": [
                  {
                    "control_type": "text",
                    "label": "Quantity",
                    "name": "quantity",
                    "type": "string",
                    "optional": true
                  }
                ],
                "label": "One time per unit",
                "name": "oneTimePerUnit",
                "type": "object",
                "optional": true
              },
              {
                "properties": [
                  {
                    "control_type": "text",
                    "label": "Quantity",
                    "name": "quantity",
                    "type": "string",
                    "optional": true
                  }
                ],
                "label": "One time tiered",
                "name": "oneTimeTiered",
                "type": "object",
                "optional": true
              },
              {
                "properties": [
                  {
                    "control_type": "text",
                    "label": "Quantity",
                    "name": "quantity",
                    "type": "string",
                    "optional": true
                  }
                ],
                "label": "Recurring tiered",
                "name": "recurringTiered",
                "type": "object",
                "optional": true
              },
              {
                "properties": [
                  {
                    "control_type": "text",
                    "label": "Quantity",
                    "name": "quantity",
                    "type": "string",
                    "optional": true
                  }
                ],
                "label": "Recurring per unit",
                "name": "recurringPerUnit",
                "type": "object",
                "optional": true
              },
              {
                "properties": [
                  {
                    "control_type": "text",
                    "label": "Quantity",
                    "name": "quantity",
                    "type": "string",
                    "optional": true
                  }
                ],
                "label": "Recurring flat fee",
                "name": "recurringFlatFee",
                "type": "object",
                "optional": true
              },
              {
                "properties": [
                  {
                    "control_type": "text",
                    "label": "Quantity",
                    "name": "quantity",
                    "type": "string",
                    "optional": true
                  },
                  {
                    "name": "tiers",
                    "type": "array",
                    "of": "object",
                    "label": "Tiers",
                    "optional": true,
                    "properties": [
                      {
                        "control_type": "text",
                        "label": "Tier",
                        "name": "tier",
                        "type": "string",
                        "optional": true
                      },
                      {
                        "control_type": "text",
                        "label": "Starting unit",
                        "name": "startingUnit",
                        "type": "string",
                        "optional": true
                      },
                      {
                        "control_type": "text",
                        "label": "Ending unit",
                        "name": "endingUnit",
                        "type": "string",
                        "optional": true
                      },
                      {
                        "control_type": "text",
                        "label": "Price",
                        "name": "price",
                        "type": "string",
                        "optional": true
                      },
                      {
                        "control_type": "text",
                        "label": "Price format",
                        "name": "priceFormat",
                        "type": "string",
                        "optional": true
                      }
                    ]
                  },
                  {
                    "control_type": "text",
                    "label": "Price change option",
                    "name": "priceChangeOption",
                    "type": "string",
                    "optional": true
                  },
                  {
                    "control_type": "text",
                    "label": "Price increase percentage",
                    "name": "priceIncreasePercentage",
                    "type": "string",
                    "optional": true
                  }
                ],
                "label": "Recurring volume",
                "name": "recurringVolume",
                "type": "object",
                "optional": true
              }
            ],
            "label": "Pricing",
            "name": "pricing",
            "type": "object",
            "optional": true
          }
        ]
      }
    ],
    "block": [
      {
        "number": 1,
        "provider": "workato_variable",
        "name": "declare_variable",
        "as": "b1f6036e",
        "title": "  Create variable quantity",
        "description": "Create variable <span class=\"provider\">quantity</span>",
        "keyword": "action",
        "dynamicPickListSelection": {
        },
        "toggleCfg": {
        },
        "input": {
          "variables": {
            "schema": "[{\"name\":\"quantity\",\"type\":\"integer\",\"optional\":true,\"label\":\"quantity\",\"control_type\":\"integer\"}]"
          }
        },
        "extended_output_schema": [
          {
            "type": "integer",
            "name": "quantity",
            "control_type": "integer",
            "label": "quantity",
            "optional": true,
            "parse_output": "integer_conversion"
          }
        ],
        "extended_input_schema": [
          {
            "type": "object",
            "name": "variables",
            "control_type": "form-schema-builder",
            "label": "Variables",
            "optional": true,
            "properties": [
              {
                "control_type": "text",
                "label": "Schema",
                "extends_schema": true,
                "broadcast_change_event": true,
                "type": "string",
                "name": "schema"
              },
              {
                "properties": [
                  {
                    "control_type": "integer",
                    "label": "quantity",
                    "parse_output": "integer_conversion",
                    "name": "quantity",
                    "type": "integer",
                    "optional": true,
                    "hint": "Defaults to nil if not supplied.",
                    "sticky": true
                  }
                ],
                "label": "Data",
                "type": "object",
                "name": "data"
              }
            ],
            "exclude_fields": [
              "hint"
            ]
          }
        ],
        "visible_config_fields": [
          "variables.data.quantity"
        ],
        "uuid": "105532e9-a9e8-423f-b2f2-2f900d420083"
      },
      {
        "number": 2,
        "keyword": "if",
        "dynamicPickListSelection": {
        },
        "toggleCfg": {
        },
        "input": {
          "type": "compound",
          "operand": "and",
          "conditions": [
            {
              "operand": "present",
              "lhs": "#{_('data.workato_service.c3f2d27a.request.pricing.oneTimeVolume.quantity')}",
              "rhs": "",
              "uuid": "condition-0ce1f358-0c87-403f-9c70-1ae513711dad"
            }
          ]
        },
        "block": [
          {
            "number": 3,
            "provider": "workato_variable",
            "name": "update_variable",
            "as": "528142e2",
            "title": null,
            "description": "Update variable <span class=\"provider\">quantity</span>",
            "keyword": "action",
            "dynamicPickListSelection": {
              "name": "quantity (step 2)"
            },
            "toggleCfg": {
            },
            "input": {
              "name": "105532e9-a9e8-423f-b2f2-2f900d420083:b1f6036e:quantity",
              "value": "#{_('data.workato_service.c3f2d27a.request.pricing.oneTimeVolume.quantity')}"
            },
            "extended_input_schema": [
              {
                "type": "integer",
                "name": "value",
                "control_type": "number",
                "label": "Value",
                "hint": "Provide a value for the variable. When the value is not supplied, the variable is not updated.<br>To clear the value, set the value to <b>nil</b> in formula mode.",
                "sticky": true,
                "optional": true,
                "parse_output": "integer_conversion",
                "strip_interpolation": true
              }
            ],
            "uuid": "4c6cd85e-d13b-436e-b26d-73555571490d"
          }
        ],
        "comment": "One Time Volume",
        "uuid": "61bbbfcd-f623-4170-b314-d8a9e130cb8b"
      },
      {
        "number": 4,
        "keyword": "if",
        "dynamicPickListSelection": {
        },
        "toggleCfg": {
        },
        "input": {
          "type": "compound",
          "operand": "and",
          "conditions": [
            {
              "operand": "present",
              "lhs": "#{_('data.workato_service.c3f2d27a.request.pricing.oneTimeFlatFee.quantity')}",
              "rhs": "",
              "uuid": "condition-0ce1f358-0c87-403f-9c70-1ae513711dad"
            }
          ]
        },
        "block": [
          {
            "number": 5,
            "provider": "workato_variable",
            "name": "update_variable",
            "as": "d15eca0b",
            "title": null,
            "description": "Update variable <span class=\"provider\">quantity</span>",
            "keyword": "action",
            "dynamicPickListSelection": {
              "name": "quantity (step 2)"
            },
            "toggleCfg": {
            },
            "input": {
              "name": "105532e9-a9e8-423f-b2f2-2f900d420083:b1f6036e:quantity",
              "value": "#{_('data.workato_service.c3f2d27a.request.pricing.oneTimeFlatFee.quantity')}"
            },
            "extended_input_schema": [
              {
                "type": "integer",
                "name": "value",
                "control_type": "number",
                "label": "Value",
                "hint": "Provide a value for the variable. When the value is not supplied, the variable is not updated.<br>To clear the value, set the value to <b>nil</b> in formula mode.",
                "sticky": true,
                "optional": true,
                "parse_output": "integer_conversion",
                "strip_interpolation": true
              }
            ],
            "uuid": "0e41bd31-0b41-4aca-887b-e4f0d75bd8bd"
          }
        ],
        "comment": "One Falt Fee",
        "uuid": "20a18e2c-e3e6-4e49-a2ec-66d91c918540"
      },
      {
        "number": 6,
        "keyword": "if",
        "dynamicPickListSelection": {
        },
        "toggleCfg": {
        },
        "input": {
          "type": "compound",
          "operand": "and",
          "conditions": [
            {
              "operand": "present",
              "lhs": "#{_('data.workato_service.c3f2d27a.request.pricing.oneTimePerUnit.quantity')}",
              "rhs": "",
              "uuid": "condition-0ce1f358-0c87-403f-9c70-1ae513711dad"
            }
          ]
        },
        "block": [
          {
            "number": 7,
            "provider": "workato_variable",
            "name": "update_variable",
            "as": "0e6754c3",
            "title": null,
            "description": "Update variable <span class=\"provider\">quantity</span>",
            "keyword": "action",
            "dynamicPickListSelection": {
              "name": "quantity (step 2)"
            },
            "toggleCfg": {
            },
            "input": {
              "name": "105532e9-a9e8-423f-b2f2-2f900d420083:b1f6036e:quantity",
              "value": "#{_('data.workato_service.c3f2d27a.request.pricing.oneTimePerUnit.quantity')}"
            },
            "extended_input_schema": [
              {
                "type": "integer",
                "name": "value",
                "control_type": "number",
                "label": "Value",
                "hint": "Provide a value for the variable. When the value is not supplied, the variable is not updated.<br>To clear the value, set the value to <b>nil</b> in formula mode.",
                "sticky": true,
                "optional": true,
                "parse_output": "integer_conversion",
                "strip_interpolation": true
              }
            ],
            "uuid": "0643cde7-d047-4484-a611-994e357b898f"
          }
        ],
        "comment": "One Time Per Unit",
        "uuid": "4dda4351-80dd-4b23-a25f-94d7f700cab6"
      },
      {
        "number": 8,
        "keyword": "if",
        "dynamicPickListSelection": {
        },
        "toggleCfg": {
        },
        "input": {
          "type": "compound",
          "operand": "and",
          "conditions": [
            {
              "operand": "present",
              "lhs": "#{_('data.workato_service.c3f2d27a.request.pricing.oneTimeTiered.quantity')}",
              "rhs": "",
              "uuid": "condition-0ce1f358-0c87-403f-9c70-1ae513711dad"
            }
          ]
        },
        "block": [
          {
            "number": 9,
            "provider": "workato_variable",
            "name": "update_variable",
            "as": "4df15019",
            "title": null,
            "description": "Update variable <span class=\"provider\">quantity</span>",
            "keyword": "action",
            "dynamicPickListSelection": {
              "name": "quantity (step 2)"
            },
            "toggleCfg": {
            },
            "input": {
              "name": "105532e9-a9e8-423f-b2f2-2f900d420083:b1f6036e:quantity",
              "value": "#{_('data.workato_service.c3f2d27a.request.pricing.oneTimeTiered.quantity')}"
            },
            "extended_input_schema": [
              {
                "type": "integer",
                "name": "value",
                "control_type": "number",
                "label": "Value",
                "hint": "Provide a value for the variable. When the value is not supplied, the variable is not updated.<br>To clear the value, set the value to <b>nil</b> in formula mode.",
                "sticky": true,
                "optional": true,
                "parse_output": "integer_conversion",
                "strip_interpolation": true
              }
            ],
            "uuid": "160eff50-c73b-4b6d-9783-60c09e4e5c91"
          }
        ],
        "comment": "One Time Tiered",
        "uuid": "d2482de5-0f41-4e16-8976-ca167ed89038"
      },
      {
        "number": 10,
        "keyword": "if",
        "dynamicPickListSelection": {
        },
        "toggleCfg": {
        },
        "input": {
          "type": "compound",
          "operand": "and",
          "conditions": [
            {
              "operand": "present",
              "lhs": "#{_('data.workato_service.c3f2d27a.request.pricing.recurringTiered.quantity')}",
              "rhs": "",
              "uuid": "condition-0ce1f358-0c87-403f-9c70-1ae513711dad"
            }
          ]
        },
        "block": [
          {
            "number": 11,
            "provider": "workato_variable",
            "name": "update_variable",
            "as": "96d4cddb",
            "title": null,
            "description": "Update variable <span class=\"provider\">quantity</span>",
            "keyword": "action",
            "dynamicPickListSelection": {
              "name": "quantity (step 2)"
            },
            "toggleCfg": {
            },
            "input": {
              "name": "105532e9-a9e8-423f-b2f2-2f900d420083:b1f6036e:quantity",
              "value": "#{_('data.workato_service.c3f2d27a.request.pricing.recurringTiered.quantity')}"
            },
            "extended_input_schema": [
              {
                "type": "integer",
                "name": "value",
                "control_type": "number",
                "label": "Value",
                "hint": "Provide a value for the variable. When the value is not supplied, the variable is not updated.<br>To clear the value, set the value to <b>nil</b> in formula mode.",
                "sticky": true,
                "optional": true,
                "parse_output": "integer_conversion",
                "strip_interpolation": true
              }
            ],
            "uuid": "231eaa06-354b-4109-9845-652e0a032a59"
          }
        ],
        "comment": "Recurring Tiered",
        "uuid": "b6766184-78af-41c0-82e7-6bc1e101a131"
      },
      {
        "number": 12,
        "keyword": "if",
        "dynamicPickListSelection": {
        },
        "toggleCfg": {
        },
        "input": {
          "type": "compound",
          "operand": "and",
          "conditions": [
            {
              "operand": "present",
              "lhs": "#{_('data.workato_service.c3f2d27a.request.pricing.recurringPerUnit.quantity')}",
              "rhs": "",
              "uuid": "condition-0ce1f358-0c87-403f-9c70-1ae513711dad"
            }
          ]
        },
        "block": [
          {
            "number": 13,
            "provider": "workato_variable",
            "name": "update_variable",
            "as": "358e058d",
            "title": null,
            "description": "Update variable <span class=\"provider\">quantity</span>",
            "keyword": "action",
            "dynamicPickListSelection": {
              "name": "quantity (step 2)"
            },
            "toggleCfg": {
            },
            "input": {
              "name": "105532e9-a9e8-423f-b2f2-2f900d420083:b1f6036e:quantity",
              "value": "#{_('data.workato_service.c3f2d27a.request.pricing.recurringPerUnit.quantity')}"
            },
            "extended_input_schema": [
              {
                "type": "integer",
                "name": "value",
                "control_type": "number",
                "label": "Value",
                "hint": "Provide a value for the variable. When the value is not supplied, the variable is not updated.<br>To clear the value, set the value to <b>nil</b> in formula mode.",
                "sticky": true,
                "optional": true,
                "parse_output": "integer_conversion",
                "strip_interpolation": true
              }
            ],
            "uuid": "cd343ca3-3170-478a-b5f1-29cfd3ca4458"
          }
        ],
        "comment": "Recurring Per Unit",
        "uuid": "eb0cd0dd-4b86-42b7-acf3-c0301d0cc0b7"
      },
      {
        "number": 14,
        "keyword": "if",
        "dynamicPickListSelection": {
        },
        "toggleCfg": {
        },
        "input": {
          "type": "compound",
          "operand": "and",
          "conditions": [
            {
              "operand": "present",
              "lhs": "#{_('data.workato_service.c3f2d27a.request.pricing.recurringFlatFee.quantity')}",
              "rhs": "",
              "uuid": "condition-0ce1f358-0c87-403f-9c70-1ae513711dad"
            }
          ]
        },
        "block": [
          {
            "number": 15,
            "provider": "workato_variable",
            "name": "update_variable",
            "as": "2806c5a5",
            "title": null,
            "description": "Update variable <span class=\"provider\">quantity</span>",
            "keyword": "action",
            "dynamicPickListSelection": {
              "name": "quantity (step 2)"
            },
            "toggleCfg": {
            },
            "input": {
              "name": "105532e9-a9e8-423f-b2f2-2f900d420083:b1f6036e:quantity",
              "value": "#{_('data.workato_service.c3f2d27a.request.pricing.recurringFlatFee.quantity')}"
            },
            "extended_input_schema": [
              {
                "type": "integer",
                "name": "value",
                "control_type": "number",
                "label": "Value",
                "hint": "Provide a value for the variable. When the value is not supplied, the variable is not updated.<br>To clear the value, set the value to <b>nil</b> in formula mode.",
                "sticky": true,
                "optional": true,
                "parse_output": "integer_conversion",
                "strip_interpolation": true
              }
            ],
            "uuid": "d3561cc2-7f14-440f-a977-15e48b85ec50"
          }
        ],
        "comment": "Recurring Flat Fee",
        "uuid": "d5ea17aa-72d3-4715-9e78-004fee02d36e"
      },
      {
        "number": 16,
        "keyword": "if",
        "dynamicPickListSelection": {
        },
        "toggleCfg": {
        },
        "input": {
          "type": "compound",
          "operand": "and",
          "conditions": [
            {
              "operand": "present",
              "lhs": "#{_('data.workato_service.c3f2d27a.request.pricing.recurringVolume.quantity')}",
              "rhs": "",
              "uuid": "condition-0ce1f358-0c87-403f-9c70-1ae513711dad"
            }
          ]
        },
        "block": [
          {
            "number": 17,
            "provider": "workato_variable",
            "name": "update_variable",
            "as": "98263f99",
            "title": null,
            "description": "Update variable <span class=\"provider\">quantity</span>",
            "keyword": "action",
            "dynamicPickListSelection": {
              "name": "quantity (step 2)"
            },
            "toggleCfg": {
            },
            "input": {
              "name": "105532e9-a9e8-423f-b2f2-2f900d420083:b1f6036e:quantity",
              "value": "#{_('data.workato_service.c3f2d27a.request.pricing.recurringVolume.quantity')}"
            },
            "extended_input_schema": [
              {
                "type": "integer",
                "name": "value",
                "control_type": "number",
                "label": "Value",
                "hint": "Provide a value for the variable. When the value is not supplied, the variable is not updated.<br>To clear the value, set the value to <b>nil</b> in formula mode.",
                "sticky": true,
                "optional": true,
                "parse_output": "integer_conversion",
                "strip_interpolation": true
              }
            ],
            "uuid": "701f4f96-5ede-4443-8a88-4c671a14af0e"
          }
        ],
        "comment": "Recurring Volume",
        "uuid": "ea2ce0bd-795b-4920-91b3-c6b82c83c170"
      },
      {
        "number": 18,
        "provider": "workato_service",
        "name": "send_reply",
        "as": "e49c6082",
        "title": null,
        "description": "Return <span class=\"provider\">response</span> from <span class=\"provider\">GetQuantity</span>",
        "keyword": "action",
        "dynamicPickListSelection": {
        },
        "toggleCfg": {
        },
        "input": {
          "reply_type": "success",
          "reply": {
            "quantity": "#{_('data.workato_variable.b1f6036e.quantity')}"
          }
        },
        "extended_input_schema": [
          {
            "type": "object",
            "name": "reply",
            "label": "Reply",
            "properties": [
              {
                "control_type": "integer",
                "label": "Quantity",
                "parse_output": "integer_conversion",
                "name": "quantity",
                "type": "integer",
                "optional": false
              }
            ]
          }
        ],
        "uuid": "7817659d-684c-4be0-bf89-33ad45713dcd"
      }
    ],
    "uuid": "97e4299e-60e3-4660-92d5-fb1fa43c3ed9"
  },
  "config": [
    {
      "keyword": "application",
      "provider": "workato_service",
      "skip_validation": false,
      "account_id": null
    },
    {
      "keyword": "application",
      "provider": "workato_variable",
      "skip_validation": false,
      "account_id": null
    }
  ]
}