{
  "name": "Update Orders custom object",
  "description": "When there is a new call for callable recipe, do action",
  "version": 4,
  "private": true,
  "concurrency": 1,
  "code": {
    "number": 0,
    "provider": "workato_service",
    "name": "receive_request",
    "as": "69c65814",
    "title": null,
    "description": "New <span class=\"provider\">call</span> for <span class=\"provider\">Update Orders custom object</span>",
    "keyword": "trigger",
    "dynamicPickListSelection": {
    },
    "toggleCfg": {
    },
    "input": {
      "service_name": "Update Orders custom object",
      "request_schema_json": "[{\"name\":\"subscription_number\",\"type\":\"string\",\"optional\":false,\"control_type\":\"text\"},{\"name\":\"order_number\",\"type\":\"string\",\"optional\":true,\"control_type\":\"text\"},{\"name\":\"fulfillment_request\",\"type\":\"string\",\"optional\":true,\"control_type\":\"text\"},{\"name\":\"message\",\"type\":\"string\",\"optional\":true,\"control_type\":\"text\"},{\"name\":\"status\",\"type\":\"string\",\"optional\":false,\"control_type\":\"text\"},{\"name\":\"inquiry_link\",\"type\":\"string\",\"optional\":true,\"control_type\":\"text\"}]"
    },
    "extended_output_schema": [
      {
        "type": "object",
        "name": "request",
        "label": "Recipe input",
        "properties": [
          {
            "control_type": "text",
            "label": "Subscription number",
            "name": "subscription_number",
            "type": "string",
            "optional": false
          },
          {
            "control_type": "text",
            "label": "Order number",
            "name": "order_number",
            "type": "string",
            "optional": true
          },
          {
            "control_type": "text",
            "label": "Fulfillment request",
            "name": "fulfillment_request",
            "type": "string",
            "optional": true
          },
          {
            "control_type": "text",
            "label": "Message",
            "name": "message",
            "type": "string",
            "optional": true
          },
          {
            "control_type": "text",
            "label": "Status",
            "name": "status",
            "type": "string",
            "optional": false
          },
          {
            "control_type": "text",
            "label": "Inquiry link",
            "name": "inquiry_link",
            "type": "string",
            "optional": true
          }
        ]
      }
    ],
    "block": [
      {
        "number": 1,
        "provider": "workato_variable",
        "name": "declare_variable",
        "as": "00e343d5",
        "title": "  Create variables object_id, order_number, fr_id",
        "description": "Create variables <span class=\"provider\">object_id</span>, <span class=\"provider\">order_number</span>, <span class=\"provider\">fr_id</span>",
        "keyword": "action",
        "dynamicPickListSelection": {
        },
        "toggleCfg": {
        },
        "input": {
          "variables": {
            "schema": "[{\"name\":\"object_id\",\"type\":\"string\",\"optional\":true,\"label\":\"object_id\",\"control_type\":\"text\"},{\"name\":\"order_number\",\"type\":\"string\",\"optional\":true,\"label\":\"order_number\",\"control_type\":\"text\"},{\"name\":\"fr_id\",\"type\":\"string\",\"optional\":true,\"label\":\"fr_id\",\"control_type\":\"text\"}]",
            "data": {
              "order_number": "#{_('data.workato_service.69c65814.request.order_number')}",
              "fr_id": "#{_('data.workato_service.69c65814.request.fulfillment_request')}"
            }
          }
        },
        "extended_output_schema": [
          {
            "type": "string",
            "name": "object_id",
            "control_type": "text",
            "label": "object_id",
            "optional": true
          },
          {
            "type": "string",
            "name": "order_number",
            "control_type": "text",
            "label": "order_number",
            "optional": true
          },
          {
            "type": "string",
            "name": "fr_id",
            "control_type": "text",
            "label": "fr_id",
            "optional": true
          }
        ],
        "extended_input_schema": [
          {
            "type": "object",
            "name": "variables",
            "control_type": "form-schema-builder",
            "label": "Variables",
            "optional": true,
            "properties": [
              {
                "control_type": "text",
                "label": "Schema",
                "extends_schema": true,
                "broadcast_change_event": true,
                "type": "string",
                "name": "schema",
                "parent": "variables"
              },
              {
                "properties": [
                  {
                    "control_type": "text",
                    "label": "object_id",
                    "name": "object_id",
                    "type": "string",
                    "optional": true,
                    "hint": "Defaults to nil if not supplied.",
                    "sticky": true,
                    "parent": "variables.data"
                  },
                  {
                    "control_type": "text",
                    "label": "order_number",
                    "name": "order_number",
                    "type": "string",
                    "optional": true,
                    "hint": "Defaults to nil if not supplied.",
                    "sticky": true,
                    "parent": "variables.data"
                  },
                  {
                    "control_type": "text",
                    "label": "fr_id",
                    "name": "fr_id",
                    "type": "string",
                    "optional": true,
                    "hint": "Defaults to nil if not supplied.",
                    "sticky": true,
                    "parent": "variables.data"
                  }
                ],
                "label": "Data",
                "type": "object",
                "name": "data",
                "parent": "variables"
              }
            ],
            "exclude_fields": [
              "hint"
            ]
          }
        ],
        "visible_config_fields": [
          "variables.data.object_id",
          "variables",
          "variables.schema",
          "variables.data.order_number",
          "variables.data",
          "variables.data.fr_id"
        ],
        "uuid": "15fcbfd9-4460-4b59-9256-37de65b72315"
      },
      {
        "number": 2,
        "keyword": "if",
        "dynamicPickListSelection": {
        },
        "toggleCfg": {
        },
        "input": {
          "type": "compound",
          "operand": "and",
          "conditions": [
            {
              "operand": "is_not_true",
              "lhs": "=_('data.workato_service.69c65814.request.fulfillment_request').blank?",
              "rhs": "",
              "uuid": "condition-1068530d-9608-4c02-bca0-86a96f064688"
            }
          ]
        },
        "block": [
          {
            "number": 3,
            "provider": "zuora",
            "name": "__adhoc_http_action",
            "as": "a0faee24",
            "title": "Search Orders Provisioning Record",
            "description": "Search <span class=\"provider\">Orders Provisioning Record</span> in <span class=\"provider\">Zuora</span> (Custom)",
            "keyword": "action",
            "dynamicPickListSelection": {
            },
            "toggleCfg": {
            },
            "input": {
              "mnemonic": "Search Orders Provisioning Record",
              "verb": "get",
              "response_type": "json",
              "path": "=_('data.workato.job_context.account_properties.zuora_base_url', 'account_property', 'zuora_base_url') + \"/objects/records/default/connect_orders_provisioning?q=FulfillmentRequest__c:\"+_('data.workato_service.69c65814.request.fulfillment_request')",
              "output": "[{\"name\":\"records\",\"type\":\"array\",\"of\":\"object\",\"label\":\"Records\",\"properties\":[{\"control_type\":\"text\",\"label\":\"ID\",\"type\":\"string\",\"name\":\"Id\"},{\"control_type\":\"text\",\"label\":\"Type\",\"type\":\"string\",\"name\":\"type\"},{\"control_type\":\"text\",\"label\":\"Created by ID\",\"type\":\"string\",\"name\":\"CreatedById\"},{\"control_type\":\"text\",\"label\":\"Updated by ID\",\"type\":\"string\",\"name\":\"UpdatedById\"},{\"control_type\":\"text\",\"label\":\"Created date\",\"render_input\":\"date_time_conversion\",\"parse_output\":\"date_time_conversion\",\"type\":\"date_time\",\"name\":\"CreatedDate\"},{\"control_type\":\"text\",\"label\":\"Updated date\",\"render_input\":\"date_time_conversion\",\"parse_output\":\"date_time_conversion\",\"type\":\"date_time\",\"name\":\"UpdatedDate\"},{\"control_type\":\"text\",\"label\":\"Fulfillment request c\",\"type\":\"string\",\"name\":\"FulfillmentRequest__c\"},{\"control_type\":\"text\",\"label\":\"Type c\",\"type\":\"string\",\"name\":\"Type__c\"},{\"control_type\":\"text\",\"label\":\"Message c\",\"type\":\"string\",\"name\":\"Message__c\"},{\"control_type\":\"text\",\"label\":\"Subscription number c\",\"type\":\"string\",\"name\":\"SubscriptionNumber__c\"},{\"control_type\":\"text\",\"label\":\"Inquiry link c\",\"type\":\"string\",\"name\":\"InquiryLink__c\"},{\"control_type\":\"text\",\"label\":\"Order number c\",\"type\":\"string\",\"name\":\"OrderNumber__c\"},{\"control_type\":\"text\",\"label\":\"Status c\",\"type\":\"string\",\"name\":\"Status__c\"}]},{\"control_type\":\"number\",\"label\":\"Count\",\"parse_output\":\"float_conversion\",\"type\":\"number\",\"name\":\"count\"}]"
            },
            "extended_output_schema": [
              {
                "type": "array",
                "name": "records",
                "label": "Records",
                "optional": true,
                "of": "object",
                "properties": [
                  {
                    "control_type": "text",
                    "label": "ID",
                    "optional": true,
                    "type": "string",
                    "name": "Id"
                  },
                  {
                    "control_type": "text",
                    "label": "Type",
                    "optional": true,
                    "type": "string",
                    "name": "type"
                  },
                  {
                    "control_type": "text",
                    "label": "Created by ID",
                    "optional": true,
                    "type": "string",
                    "name": "CreatedById"
                  },
                  {
                    "control_type": "text",
                    "label": "Updated by ID",
                    "optional": true,
                    "type": "string",
                    "name": "UpdatedById"
                  },
                  {
                    "control_type": "text",
                    "label": "Created date",
                    "render_input": "date_time_conversion",
                    "parse_output": "date_time_conversion",
                    "optional": true,
                    "type": "date_time",
                    "name": "CreatedDate"
                  },
                  {
                    "control_type": "text",
                    "label": "Updated date",
                    "render_input": "date_time_conversion",
                    "parse_output": "date_time_conversion",
                    "optional": true,
                    "type": "date_time",
                    "name": "UpdatedDate"
                  },
                  {
                    "control_type": "text",
                    "label": "Fulfillment request c",
                    "optional": true,
                    "type": "string",
                    "name": "FulfillmentRequest__c"
                  },
                  {
                    "control_type": "text",
                    "label": "Type c",
                    "optional": true,
                    "type": "string",
                    "name": "Type__c"
                  },
                  {
                    "control_type": "text",
                    "label": "Message c",
                    "optional": true,
                    "type": "string",
                    "name": "Message__c"
                  },
                  {
                    "control_type": "text",
                    "label": "Subscription number c",
                    "optional": true,
                    "type": "string",
                    "name": "SubscriptionNumber__c"
                  },
                  {
                    "control_type": "text",
                    "label": "Inquiry link c",
                    "optional": true,
                    "type": "string",
                    "name": "InquiryLink__c"
                  },
                  {
                    "control_type": "text",
                    "label": "Order number c",
                    "optional": true,
                    "type": "string",
                    "name": "OrderNumber__c"
                  },
                  {
                    "control_type": "text",
                    "label": "Status c",
                    "optional": true,
                    "type": "string",
                    "name": "Status__c"
                  }
                ]
              },
              {
                "type": "number",
                "name": "count",
                "control_type": "number",
                "label": "Count",
                "optional": true,
                "parse_output": "float_conversion"
              }
            ],
            "extended_input_schema": [
              {
                "type": "string",
                "name": "path",
                "control_type": "text",
                "label": "Path",
                "hint": "Base URI is <b>https://rest.apisandbox.zuora.com</b> - path will be appended to this URI. Use absolute URI to override this base URI.",
                "optional": false
              },
              {
                "type": "string",
                "name": "response_type",
                "control_type": "select",
                "label": "Response type",
                "default": "json",
                "sticky": false,
                "pick_list": [
                  [
                    "JSON response",
                    "json"
                  ],
                  [
                    "Raw response",
                    "raw"
                  ]
                ],
                "optional": true,
                "extends_schema": true
              },
              {
                "type": "object",
                "name": "input",
                "control_type": "form-schema-builder",
                "label": "Request URL parameters",
                "sticky": true,
                "optional": true,
                "properties": [
                  {
                    "control_type": "text",
                    "label": "Schema",
                    "extends_schema": true,
                    "sticky": true,
                    "optional": true,
                    "type": "string",
                    "name": "schema"
                  }
                ]
              },
              {
                "type": "array",
                "name": "request_headers",
                "control_type": "key_value",
                "label": "Request headers",
                "optional": true,
                "of": "object",
                "properties": [
                  {
                    "control_type": "text",
                    "label": "Name",
                    "optional": true,
                    "type": "string",
                    "name": "name"
                  },
                  {
                    "control_type": "text",
                    "label": "Value",
                    "optional": true,
                    "type": "string",
                    "name": "value"
                  }
                ]
              },
              {
                "type": "string",
                "name": "output",
                "control_type": "schema-designer",
                "label": "Response body",
                "sticky": true,
                "optional": true,
                "extends_schema": true,
                "schema_neutral": true
              },
              {
                "type": "string",
                "name": "response_headers",
                "control_type": "schema-designer",
                "label": "Response headers",
                "sticky": false,
                "optional": true,
                "extends_schema": true,
                "schema_neutral": true
              }
            ],
            "comment": "",
            "uuid": "0707cea8-5a73-4012-9226-bcd1b94e0774"
          },
          {
            "number": 4,
            "provider": "workato_variable",
            "name": "update_variable",
            "as": "d134a00b",
            "title": null,
            "description": "Update variable <span class=\"provider\">object_id</span>",
            "keyword": "action",
            "dynamicPickListSelection": {
              "name": "object_id (step 2)"
            },
            "toggleCfg": {
            },
            "input": {
              "name": "15fcbfd9-4460-4b59-9256-37de65b72315:00e343d5:object_id",
              "value": "#{_('data.zuora.a0faee24.records.first.Id')}"
            },
            "extended_input_schema": [
              {
                "type": "string",
                "name": "value",
                "control_type": "text",
                "label": "Value",
                "hint": "Provide a value for the variable. When the value is not supplied, the variable is not updated.<br>To clear the value, set the value to <b>nil</b> in formula mode.",
                "sticky": true,
                "optional": true,
                "strip_interpolation": true
              }
            ],
            "uuid": "e60a8fbc-24e3-4697-8491-967d88326c75"
          },
          {
            "number": 5,
            "provider": "workato_variable",
            "name": "update_variable",
            "as": "4fa62683",
            "title": null,
            "description": "Update variable <span class=\"provider\">order_number</span>",
            "keyword": "action",
            "dynamicPickListSelection": {
              "name": "order_number (step 2)"
            },
            "toggleCfg": {
            },
            "input": {
              "name": "15fcbfd9-4460-4b59-9256-37de65b72315:00e343d5:order_number",
              "value": "=_('data.workato_service.69c65814.request.order_number').blank? ? _('data.zuora.a0faee24.records.first.OrderNumber__c') : _('data.workato_service.69c65814.request.order_number')"
            },
            "extended_input_schema": [
              {
                "type": "string",
                "name": "value",
                "control_type": "text",
                "label": "Value",
                "hint": "Provide a value for the variable. When the value is not supplied, the variable is not updated.<br>To clear the value, set the value to <b>nil</b> in formula mode.",
                "sticky": true,
                "optional": true,
                "strip_interpolation": true
              }
            ],
            "uuid": "86f35468-1864-4340-80e6-04e6990f70cf"
          },
          {
            "number": 6,
            "keyword": "else",
            "dynamicPickListSelection": {
            },
            "toggleCfg": {
            },
            "input": {
            },
            "block": [
              {
                "number": 7,
                "keyword": "if",
                "dynamicPickListSelection": {
                },
                "toggleCfg": {
                },
                "input": {
                  "type": "compound",
                  "operand": "and",
                  "conditions": [
                    {
                      "operand": "is_true",
                      "lhs": "=_('data.workato_service.69c65814.request.order_number').blank?",
                      "rhs": "",
                      "uuid": "condition-1bd08d9f-8b14-4d32-b773-1dcc10b286d6"
                    }
                  ]
                },
                "block": [
                  {
                    "number": 8,
                    "provider": "zuora",
                    "name": "__adhoc_http_action",
                    "as": "15db97c6",
                    "title": "Search Orders Provisioning Records",
                    "description": "Search <span class=\"provider\">Orders Provisioning Records</span> in <span class=\"provider\">Zuora</span> (Custom)",
                    "keyword": "action",
                    "dynamicPickListSelection": {
                    },
                    "toggleCfg": {
                    },
                    "input": {
                      "mnemonic": "Search Orders Provisioning Records",
                      "verb": "get",
                      "response_type": "json",
                      "path": "=_('data.workato.job_context.account_properties.zuora_base_url', 'account_property', 'zuora_base_url') + \"/objects/records/default/connect_orders_provisioning?q=SubscriptionNumber__c:\"+_('data.workato_service.69c65814.request.subscription_number')",
                      "output": "[{\"name\":\"records\",\"type\":\"array\",\"of\":\"object\",\"label\":\"Records\",\"properties\":[{\"control_type\":\"text\",\"label\":\"ID\",\"type\":\"string\",\"name\":\"Id\"},{\"control_type\":\"text\",\"label\":\"Type\",\"type\":\"string\",\"name\":\"type\"},{\"control_type\":\"text\",\"label\":\"Created by ID\",\"type\":\"string\",\"name\":\"CreatedById\"},{\"control_type\":\"text\",\"label\":\"Updated by ID\",\"type\":\"string\",\"name\":\"UpdatedById\"},{\"control_type\":\"text\",\"label\":\"Created date\",\"render_input\":\"date_time_conversion\",\"parse_output\":\"date_time_conversion\",\"type\":\"date_time\",\"name\":\"CreatedDate\"},{\"control_type\":\"text\",\"label\":\"Updated date\",\"render_input\":\"date_time_conversion\",\"parse_output\":\"date_time_conversion\",\"type\":\"date_time\",\"name\":\"UpdatedDate\"},{\"control_type\":\"text\",\"label\":\"Fulfillment request c\",\"type\":\"string\",\"name\":\"FulfillmentRequest__c\"},{\"control_type\":\"text\",\"label\":\"Type c\",\"type\":\"string\",\"name\":\"Type__c\"},{\"control_type\":\"text\",\"label\":\"Message c\",\"type\":\"string\",\"name\":\"Message__c\"},{\"control_type\":\"text\",\"label\":\"Subscription number c\",\"type\":\"string\",\"name\":\"SubscriptionNumber__c\"},{\"control_type\":\"text\",\"label\":\"Inquiry link c\",\"type\":\"string\",\"name\":\"InquiryLink__c\"},{\"control_type\":\"text\",\"label\":\"Order number c\",\"type\":\"string\",\"name\":\"OrderNumber__c\"},{\"control_type\":\"text\",\"label\":\"Status c\",\"type\":\"string\",\"name\":\"Status__c\"}]},{\"control_type\":\"number\",\"label\":\"Count\",\"parse_output\":\"float_conversion\",\"type\":\"number\",\"name\":\"count\"}]"
                    },
                    "extended_output_schema": [
                      {
                        "type": "array",
                        "name": "records",
                        "label": "Records",
                        "optional": true,
                        "of": "object",
                        "properties": [
                          {
                            "control_type": "text",
                            "label": "ID",
                            "optional": true,
                            "type": "string",
                            "name": "Id"
                          },
                          {
                            "control_type": "text",
                            "label": "Type",
                            "optional": true,
                            "type": "string",
                            "name": "type"
                          },
                          {
                            "control_type": "text",
                            "label": "Created by ID",
                            "optional": true,
                            "type": "string",
                            "name": "CreatedById"
                          },
                          {
                            "control_type": "text",
                            "label": "Updated by ID",
                            "optional": true,
                            "type": "string",
                            "name": "UpdatedById"
                          },
                          {
                            "control_type": "text",
                            "label": "Created date",
                            "render_input": "date_time_conversion",
                            "parse_output": "date_time_conversion",
                            "optional": true,
                            "type": "date_time",
                            "name": "CreatedDate"
                          },
                          {
                            "control_type": "text",
                            "label": "Updated date",
                            "render_input": "date_time_conversion",
                            "parse_output": "date_time_conversion",
                            "optional": true,
                            "type": "date_time",
                            "name": "UpdatedDate"
                          },
                          {
                            "control_type": "text",
                            "label": "Fulfillment request c",
                            "optional": true,
                            "type": "string",
                            "name": "FulfillmentRequest__c"
                          },
                          {
                            "control_type": "text",
                            "label": "Type c",
                            "optional": true,
                            "type": "string",
                            "name": "Type__c"
                          },
                          {
                            "control_type": "text",
                            "label": "Message c",
                            "optional": true,
                            "type": "string",
                            "name": "Message__c"
                          },
                          {
                            "control_type": "text",
                            "label": "Subscription number c",
                            "optional": true,
                            "type": "string",
                            "name": "SubscriptionNumber__c"
                          },
                          {
                            "control_type": "text",
                            "label": "Inquiry link c",
                            "optional": true,
                            "type": "string",
                            "name": "InquiryLink__c"
                          },
                          {
                            "control_type": "text",
                            "label": "Order number c",
                            "optional": true,
                            "type": "string",
                            "name": "OrderNumber__c"
                          },
                          {
                            "control_type": "text",
                            "label": "Status c",
                            "optional": true,
                            "type": "string",
                            "name": "Status__c"
                          }
                        ]
                      },
                      {
                        "type": "number",
                        "name": "count",
                        "control_type": "number",
                        "label": "Count",
                        "optional": true,
                        "parse_output": "float_conversion"
                      }
                    ],
                    "extended_input_schema": [
                      {
                        "type": "string",
                        "name": "path",
                        "control_type": "text",
                        "label": "Path",
                        "hint": "Base URI is <b>https://rest.apisandbox.zuora.com</b> - path will be appended to this URI. Use absolute URI to override this base URI.",
                        "optional": false
                      },
                      {
                        "type": "string",
                        "name": "response_type",
                        "control_type": "select",
                        "label": "Response type",
                        "default": "json",
                        "sticky": false,
                        "pick_list": [
                          [
                            "JSON response",
                            "json"
                          ],
                          [
                            "Raw response",
                            "raw"
                          ]
                        ],
                        "optional": true,
                        "extends_schema": true
                      },
                      {
                        "type": "object",
                        "name": "input",
                        "control_type": "form-schema-builder",
                        "label": "Request URL parameters",
                        "sticky": true,
                        "optional": true,
                        "properties": [
                          {
                            "control_type": "text",
                            "label": "Schema",
                            "extends_schema": true,
                            "sticky": true,
                            "optional": true,
                            "type": "string",
                            "name": "schema"
                          }
                        ]
                      },
                      {
                        "type": "array",
                        "name": "request_headers",
                        "control_type": "key_value",
                        "label": "Request headers",
                        "optional": true,
                        "of": "object",
                        "properties": [
                          {
                            "control_type": "text",
                            "label": "Name",
                            "optional": true,
                            "type": "string",
                            "name": "name"
                          },
                          {
                            "control_type": "text",
                            "label": "Value",
                            "optional": true,
                            "type": "string",
                            "name": "value"
                          }
                        ]
                      },
                      {
                        "type": "string",
                        "name": "output",
                        "control_type": "schema-designer",
                        "label": "Response body",
                        "sticky": true,
                        "optional": true,
                        "extends_schema": true,
                        "schema_neutral": true
                      },
                      {
                        "type": "string",
                        "name": "response_headers",
                        "control_type": "schema-designer",
                        "label": "Response headers",
                        "sticky": false,
                        "optional": true,
                        "extends_schema": true,
                        "schema_neutral": true
                      }
                    ],
                    "comment": "",
                    "uuid": "dd269075-6910-4487-b0fe-3ac954ca161f"
                  },
                  {
                    "number": 9,
                    "keyword": "if",
                    "dynamicPickListSelection": {
                    },
                    "toggleCfg": {
                    },
                    "input": {
                      "type": "compound",
                      "operand": "and",
                      "conditions": [
                        {
                          "operand": "greater_than",
                          "lhs": "#{_('data.zuora.15db97c6.count')}",
                          "rhs": "0",
                          "uuid": "condition-9a9eb448-fce5-43fc-ac21-45f58d503ee0"
                        }
                      ]
                    },
                    "block": [
                      {
                        "number": 10,
                        "provider": "workato_variable",
                        "name": "update_variable",
                        "as": "fc480279",
                        "title": null,
                        "description": "Update variable <span class=\"provider\">object_id</span>",
                        "keyword": "action",
                        "dynamicPickListSelection": {
                          "name": "object_id (step 2)"
                        },
                        "toggleCfg": {
                        },
                        "input": {
                          "name": "15fcbfd9-4460-4b59-9256-37de65b72315:00e343d5:object_id",
                          "value": "=_('data.zuora.15db97c6.records')[-1]['Id']"
                        },
                        "extended_input_schema": [
                          {
                            "type": "string",
                            "name": "value",
                            "control_type": "text",
                            "label": "Value",
                            "hint": "Provide a value for the variable. When the value is not supplied, the variable is not updated.<br>To clear the value, set the value to <b>nil</b> in formula mode.",
                            "sticky": true,
                            "optional": true,
                            "strip_interpolation": true
                          }
                        ],
                        "uuid": "954def68-c65b-48f0-8af9-d201eddfca74"
                      },
                      {
                        "number": 11,
                        "provider": "workato_variable",
                        "name": "update_variable",
                        "as": "5465654b",
                        "title": null,
                        "description": "Update variable <span class=\"provider\">order_number</span>",
                        "keyword": "action",
                        "dynamicPickListSelection": {
                          "name": "order_number (step 2)"
                        },
                        "toggleCfg": {
                        },
                        "input": {
                          "name": "15fcbfd9-4460-4b59-9256-37de65b72315:00e343d5:order_number",
                          "value": "=_('data.zuora.15db97c6.records')[-1]['OrderNumber__c']"
                        },
                        "extended_input_schema": [
                          {
                            "type": "string",
                            "name": "value",
                            "control_type": "text",
                            "label": "Value",
                            "hint": "Provide a value for the variable. When the value is not supplied, the variable is not updated.<br>To clear the value, set the value to <b>nil</b> in formula mode.",
                            "sticky": true,
                            "optional": true,
                            "strip_interpolation": true
                          }
                        ],
                        "uuid": "5a7e1200-3693-43ff-926a-698f95bdb915"
                      },
                      {
                        "number": 12,
                        "provider": "workato_variable",
                        "name": "update_variable",
                        "as": "2807aad9",
                        "title": null,
                        "description": "Update variable <span class=\"provider\">fr_id</span>",
                        "keyword": "action",
                        "dynamicPickListSelection": {
                          "name": "fr_id (step 2)"
                        },
                        "toggleCfg": {
                        },
                        "input": {
                          "name": "15fcbfd9-4460-4b59-9256-37de65b72315:00e343d5:fr_id",
                          "value": "=_('data.workato_service.69c65814.request.fulfillment_request').blank? ? _('data.zuora.15db97c6.records')[-1]['FulfillmentRequest__c'] : _('data.workato_service.69c65814.request.fulfillment_request')"
                        },
                        "extended_input_schema": [
                          {
                            "type": "string",
                            "name": "value",
                            "control_type": "text",
                            "label": "Value",
                            "hint": "Provide a value for the variable. When the value is not supplied, the variable is not updated.<br>To clear the value, set the value to <b>nil</b> in formula mode.",
                            "sticky": true,
                            "optional": true,
                            "strip_interpolation": true
                          }
                        ],
                        "uuid": "16b7a515-409e-413a-8383-82c3807dc4b1"
                      }
                    ],
                    "uuid": "6d51bcb2-91c0-4b0f-a59f-eca77154e98a"
                  },
                  {
                    "number": 13,
                    "keyword": "else",
                    "dynamicPickListSelection": {
                    },
                    "toggleCfg": {
                    },
                    "input": {
                    },
                    "block": [
                      {
                        "number": 14,
                        "provider": "zuora",
                        "name": "__adhoc_http_action",
                        "as": "2134090f",
                        "title": "Search Orders Provisioning Records",
                        "description": "Search <span class=\"provider\">Orders Provisioning Records</span> in <span class=\"provider\">Zuora</span> (Custom)",
                        "keyword": "action",
                        "dynamicPickListSelection": {
                        },
                        "toggleCfg": {
                        },
                        "input": {
                          "mnemonic": "Search Orders Provisioning Records",
                          "verb": "get",
                          "response_type": "json",
                          "path": "=_('data.workato.job_context.account_properties.zuora_base_url', 'account_property', 'zuora_base_url') + \"/objects/records/default/connect_orders_provisioning?q=SubscriptionNumber__c:\"+_('data.workato_service.69c65814.request.subscription_number')+\"%20AND%20OrderNumber__c:\"+_('data.workato_service.69c65814.request.order_number')",
                          "output": "[{\"name\":\"records\",\"type\":\"array\",\"of\":\"object\",\"label\":\"Records\",\"properties\":[{\"control_type\":\"text\",\"label\":\"ID\",\"type\":\"string\",\"name\":\"Id\"},{\"control_type\":\"text\",\"label\":\"Type\",\"type\":\"string\",\"name\":\"type\"},{\"control_type\":\"text\",\"label\":\"Created by ID\",\"type\":\"string\",\"name\":\"CreatedById\"},{\"control_type\":\"text\",\"label\":\"Updated by ID\",\"type\":\"string\",\"name\":\"UpdatedById\"},{\"control_type\":\"text\",\"label\":\"Created date\",\"render_input\":\"date_time_conversion\",\"parse_output\":\"date_time_conversion\",\"type\":\"date_time\",\"name\":\"CreatedDate\"},{\"control_type\":\"text\",\"label\":\"Updated date\",\"render_input\":\"date_time_conversion\",\"parse_output\":\"date_time_conversion\",\"type\":\"date_time\",\"name\":\"UpdatedDate\"},{\"control_type\":\"text\",\"label\":\"Fulfillment request c\",\"type\":\"string\",\"name\":\"FulfillmentRequest__c\"},{\"control_type\":\"text\",\"label\":\"Type c\",\"type\":\"string\",\"name\":\"Type__c\"},{\"control_type\":\"text\",\"label\":\"Message c\",\"type\":\"string\",\"name\":\"Message__c\"},{\"control_type\":\"text\",\"label\":\"Subscription number c\",\"type\":\"string\",\"name\":\"SubscriptionNumber__c\"},{\"control_type\":\"text\",\"label\":\"Inquiry link c\",\"type\":\"string\",\"name\":\"InquiryLink__c\"},{\"control_type\":\"text\",\"label\":\"Order number c\",\"type\":\"string\",\"name\":\"OrderNumber__c\"},{\"control_type\":\"text\",\"label\":\"Status c\",\"type\":\"string\",\"name\":\"Status__c\"}]},{\"control_type\":\"number\",\"label\":\"Count\",\"parse_output\":\"float_conversion\",\"type\":\"number\",\"name\":\"count\"}]"
                        },
                        "extended_output_schema": [
                          {
                            "type": "array",
                            "name": "records",
                            "label": "Records",
                            "optional": true,
                            "of": "object",
                            "properties": [
                              {
                                "control_type": "text",
                                "label": "ID",
                                "optional": true,
                                "type": "string",
                                "name": "Id"
                              },
                              {
                                "control_type": "text",
                                "label": "Type",
                                "optional": true,
                                "type": "string",
                                "name": "type"
                              },
                              {
                                "control_type": "text",
                                "label": "Created by ID",
                                "optional": true,
                                "type": "string",
                                "name": "CreatedById"
                              },
                              {
                                "control_type": "text",
                                "label": "Updated by ID",
                                "optional": true,
                                "type": "string",
                                "name": "UpdatedById"
                              },
                              {
                                "control_type": "text",
                                "label": "Created date",
                                "render_input": "date_time_conversion",
                                "parse_output": "date_time_conversion",
                                "optional": true,
                                "type": "date_time",
                                "name": "CreatedDate"
                              },
                              {
                                "control_type": "text",
                                "label": "Updated date",
                                "render_input": "date_time_conversion",
                                "parse_output": "date_time_conversion",
                                "optional": true,
                                "type": "date_time",
                                "name": "UpdatedDate"
                              },
                              {
                                "control_type": "text",
                                "label": "Fulfillment request c",
                                "optional": true,
                                "type": "string",
                                "name": "FulfillmentRequest__c"
                              },
                              {
                                "control_type": "text",
                                "label": "Type c",
                                "optional": true,
                                "type": "string",
                                "name": "Type__c"
                              },
                              {
                                "control_type": "text",
                                "label": "Message c",
                                "optional": true,
                                "type": "string",
                                "name": "Message__c"
                              },
                              {
                                "control_type": "text",
                                "label": "Subscription number c",
                                "optional": true,
                                "type": "string",
                                "name": "SubscriptionNumber__c"
                              },
                              {
                                "control_type": "text",
                                "label": "Inquiry link c",
                                "optional": true,
                                "type": "string",
                                "name": "InquiryLink__c"
                              },
                              {
                                "control_type": "text",
                                "label": "Order number c",
                                "optional": true,
                                "type": "string",
                                "name": "OrderNumber__c"
                              },
                              {
                                "control_type": "text",
                                "label": "Status c",
                                "optional": true,
                                "type": "string",
                                "name": "Status__c"
                              }
                            ]
                          },
                          {
                            "type": "number",
                            "name": "count",
                            "control_type": "number",
                            "label": "Count",
                            "optional": true,
                            "parse_output": "float_conversion"
                          }
                        ],
                        "extended_input_schema": [
                          {
                            "type": "string",
                            "name": "path",
                            "control_type": "text",
                            "label": "Path",
                            "hint": "Base URI is <b>https://rest.apisandbox.zuora.com</b> - path will be appended to this URI. Use absolute URI to override this base URI.",
                            "optional": false
                          },
                          {
                            "type": "string",
                            "name": "response_type",
                            "control_type": "select",
                            "label": "Response type",
                            "default": "json",
                            "sticky": false,
                            "pick_list": [
                              [
                                "JSON response",
                                "json"
                              ],
                              [
                                "Raw response",
                                "raw"
                              ]
                            ],
                            "optional": true,
                            "extends_schema": true
                          },
                          {
                            "type": "object",
                            "name": "input",
                            "control_type": "form-schema-builder",
                            "label": "Request URL parameters",
                            "sticky": true,
                            "optional": true,
                            "properties": [
                              {
                                "control_type": "text",
                                "label": "Schema",
                                "extends_schema": true,
                                "sticky": true,
                                "optional": true,
                                "type": "string",
                                "name": "schema"
                              }
                            ]
                          },
                          {
                            "type": "array",
                            "name": "request_headers",
                            "control_type": "key_value",
                            "label": "Request headers",
                            "optional": true,
                            "of": "object",
                            "properties": [
                              {
                                "control_type": "text",
                                "label": "Name",
                                "optional": true,
                                "type": "string",
                                "name": "name"
                              },
                              {
                                "control_type": "text",
                                "label": "Value",
                                "optional": true,
                                "type": "string",
                                "name": "value"
                              }
                            ]
                          },
                          {
                            "type": "string",
                            "name": "output",
                            "control_type": "schema-designer",
                            "label": "Response body",
                            "sticky": true,
                            "optional": true,
                            "extends_schema": true,
                            "schema_neutral": true
                          },
                          {
                            "type": "string",
                            "name": "response_headers",
                            "control_type": "schema-designer",
                            "label": "Response headers",
                            "sticky": false,
                            "optional": true,
                            "extends_schema": true,
                            "schema_neutral": true
                          }
                        ],
                        "comment": "",
                        "uuid": "ca19a3da-7794-464d-861c-6a6bc8ae1987"
                      },
                      {
                        "number": 15,
                        "provider": "workato_variable",
                        "name": "update_variable",
                        "as": "a5f0b380",
                        "title": null,
                        "description": "Update variable <span class=\"provider\">object_id</span>",
                        "keyword": "action",
                        "dynamicPickListSelection": {
                          "name": "object_id (step 2)"
                        },
                        "toggleCfg": {
                        },
                        "input": {
                          "name": "15fcbfd9-4460-4b59-9256-37de65b72315:00e343d5:object_id",
                          "value": "#{_('data.zuora.2134090f.records.first.Id')}"
                        },
                        "extended_input_schema": [
                          {
                            "type": "string",
                            "name": "value",
                            "control_type": "text",
                            "label": "Value",
                            "hint": "Provide a value for the variable. When the value is not supplied, the variable is not updated.<br>To clear the value, set the value to <b>nil</b> in formula mode.",
                            "sticky": true,
                            "optional": true,
                            "strip_interpolation": true
                          }
                        ],
                        "uuid": "fb7eba7d-c0f0-4bd0-8065-3e876e9a41fa"
                      },
                      {
                        "number": 16,
                        "provider": "workato_variable",
                        "name": "update_variable",
                        "as": "1bb3afb5",
                        "title": null,
                        "description": "Update variable <span class=\"provider\">fr_id</span>",
                        "keyword": "action",
                        "dynamicPickListSelection": {
                          "name": "fr_id (step 2)"
                        },
                        "toggleCfg": {
                        },
                        "input": {
                          "name": "15fcbfd9-4460-4b59-9256-37de65b72315:00e343d5:fr_id",
                          "value": "=_('data.workato_service.69c65814.request.fulfillment_request').blank? && _('data.zuora.2134090f.count')>0 ? _('data.zuora.2134090f.records')[-1]['FulfillmentRequest__c'] : _('data.workato_service.69c65814.request.fulfillment_request')"
                        },
                        "extended_input_schema": [
                          {
                            "type": "string",
                            "name": "value",
                            "control_type": "text",
                            "label": "Value",
                            "hint": "Provide a value for the variable. When the value is not supplied, the variable is not updated.<br>To clear the value, set the value to <b>nil</b> in formula mode.",
                            "sticky": true,
                            "optional": true,
                            "strip_interpolation": true
                          }
                        ],
                        "uuid": "e24e0244-3aba-44e2-85ed-d0acaa5df3c1"
                      }
                    ],
                    "comment": "Search by Sub and Order",
                    "uuid": "3e46dd43-6f90-4643-b4ae-e19511c3a96c"
                  }
                ],
                "comment": "Search by sub only",
                "uuid": "5fe61b93-935d-44d4-9b99-2668157fce75"
              }
            ],
            "comment": "Check if row exist, search by Sub+Order",
            "uuid": "77f14665-8986-4bd9-be0f-e5725bbcef12"
          }
        ],
        "comment": "Check if row exist, seach by FR if present",
        "uuid": "28634471-8ca4-4a0b-bc8b-84e5c40f5a06"
      },
      {
        "number": 17,
        "keyword": "if",
        "dynamicPickListSelection": {
        },
        "toggleCfg": {
        },
        "input": {
          "type": "compound",
          "operand": "and",
          "conditions": [
            {
              "operand": "is_true",
              "lhs": "=_('data.workato_variable.00e343d5.object_id').blank?",
              "rhs": "",
              "uuid": "condition-76d936f1-7ee6-4c15-9a2a-ae306f573425"
            }
          ]
        },
        "block": [
          {
            "number": 18,
            "provider": "zuora",
            "name": "__adhoc_http_action",
            "as": "d2b86a1a",
            "title": "Create Orders Provisioning Record",
            "description": "Create <span class=\"provider\">Orders Provisioning Record</span> in <span class=\"provider\">Zuora</span> (Custom)",
            "keyword": "action",
            "dynamicPickListSelection": {
            },
            "toggleCfg": {
            },
            "input": {
              "mnemonic": "Create Orders Provisioning Record",
              "verb": "post",
              "request_type": "json",
              "response_type": "json",
              "path": "#{_('data.workato.job_context.account_properties.zuora_base_url', 'account_property', 'zuora_base_url')}/objects/records/default/connect_orders_provisioning",
              "input": {
                "schema": "[{\"name\":\"records\",\"type\":\"array\",\"of\":\"object\",\"label\":\"Records\",\"properties\":[{\"control_type\":\"text\",\"label\":\"Fulfillment request c\",\"type\":\"string\",\"name\":\"FulfillmentRequest__c\",\"details\":{\"real_name\":\"FulfillmentRequest__c\"}},{\"control_type\":\"text\",\"label\":\"Status c\",\"type\":\"string\",\"name\":\"Status__c\",\"details\":{\"real_name\":\"Status__c\"}},{\"control_type\":\"text\",\"label\":\"Order number c\",\"type\":\"string\",\"name\":\"OrderNumber__c\",\"details\":{\"real_name\":\"OrderNumber__c\"}},{\"control_type\":\"text\",\"label\":\"Message c\",\"type\":\"string\",\"name\":\"Message__c\",\"details\":{\"real_name\":\"Message__c\"}},{\"control_type\":\"text\",\"label\":\"Subscription number c\",\"type\":\"string\",\"name\":\"SubscriptionNumber__c\",\"details\":{\"real_name\":\"SubscriptionNumber__c\"}},{\"control_type\":\"text\",\"label\":\"Inquiry link c\",\"type\":\"string\",\"name\":\"InquiryLink__c\",\"details\":{\"real_name\":\"InquiryLink__c\"}}],\"details\":{\"real_name\":\"records\"}}]",
                "data": {
                  "records": {
                    "FulfillmentRequest__c": "#{_('data.workato_variable.00e343d5.fr_id')}",
                    "Status__c": "#{_('data.workato_service.69c65814.request.status')}",
                    "OrderNumber__c": "#{_('data.workato_variable.00e343d5.order_number')}",
                    "Message__c": "=_('data.workato_service.69c65814.request.message').first(255)",
                    "SubscriptionNumber__c": "#{_('data.workato_service.69c65814.request.subscription_number')}",
                    "InquiryLink__c": "#{_('data.workato_service.69c65814.request.inquiry_link')}"
                  }
                }
              }
            },
            "extended_input_schema": [
              {
                "type": "string",
                "name": "path",
                "control_type": "text",
                "label": "Path",
                "hint": "Base URI is <b>https://rest.apisandbox.zuora.com</b> - path will be appended to this URI. Use absolute URI to override this base URI.",
                "optional": false
              },
              {
                "type": "string",
                "name": "request_type",
                "control_type": "select",
                "label": "Request type",
                "default": "json",
                "sticky": false,
                "pick_list": [
                  [
                    "JSON request body",
                    "json"
                  ],
                  [
                    "URL encoded form",
                    "urlencoded"
                  ],
                  [
                    "Multipart form",
                    "multipart"
                  ],
                  [
                    "Raw request body",
                    "raw"
                  ]
                ],
                "optional": true,
                "extends_schema": true
              },
              {
                "type": "string",
                "name": "response_type",
                "control_type": "select",
                "label": "Response type",
                "default": "json",
                "sticky": false,
                "pick_list": [
                  [
                    "JSON response",
                    "json"
                  ],
                  [
                    "Raw response",
                    "raw"
                  ]
                ],
                "optional": true,
                "extends_schema": true
              },
              {
                "type": "object",
                "name": "input",
                "label": "Input",
                "optional": true,
                "properties": [
                  {
                    "control_type": "schema-designer",
                    "label": "Request body parameters",
                    "extends_schema": true,
                    "schema_neutral": true,
                    "sample_data_type": "json_input",
                    "sticky": false,
                    "add_field_label": "Add request body parameter",
                    "optional": true,
                    "type": "string",
                    "name": "schema"
                  },
                  {
                    "properties": [
                      {
                        "name": "records",
                        "type": "array",
                        "of": "object",
                        "label": "Records",
                        "details": {
                          "real_name": "records"
                        },
                        "sticky": true,
                        "optional": true,
                        "properties": [
                          {
                            "control_type": "text",
                            "label": "Fulfillment request c",
                            "details": {
                              "real_name": "FulfillmentRequest__c"
                            },
                            "optional": true,
                            "type": "string",
                            "name": "FulfillmentRequest__c"
                          },
                          {
                            "control_type": "text",
                            "label": "Status c",
                            "details": {
                              "real_name": "Status__c"
                            },
                            "optional": true,
                            "type": "string",
                            "name": "Status__c"
                          },
                          {
                            "control_type": "text",
                            "label": "Order number c",
                            "details": {
                              "real_name": "OrderNumber__c"
                            },
                            "optional": true,
                            "type": "string",
                            "name": "OrderNumber__c"
                          },
                          {
                            "control_type": "text",
                            "label": "Message c",
                            "details": {
                              "real_name": "Message__c"
                            },
                            "optional": true,
                            "type": "string",
                            "name": "Message__c"
                          },
                          {
                            "control_type": "text",
                            "label": "Subscription number c",
                            "details": {
                              "real_name": "SubscriptionNumber__c"
                            },
                            "optional": true,
                            "type": "string",
                            "name": "SubscriptionNumber__c"
                          },
                          {
                            "control_type": "text",
                            "label": "Inquiry link c",
                            "details": {
                              "real_name": "InquiryLink__c"
                            },
                            "optional": true,
                            "type": "string",
                            "name": "InquiryLink__c"
                          }
                        ]
                      }
                    ],
                    "label": "Data",
                    "optional": true,
                    "type": "object",
                    "name": "data"
                  }
                ]
              },
              {
                "type": "array",
                "name": "request_headers",
                "control_type": "key_value",
                "label": "Request headers",
                "optional": true,
                "of": "object",
                "properties": [
                  {
                    "control_type": "text",
                    "label": "Name",
                    "optional": true,
                    "type": "string",
                    "name": "name"
                  },
                  {
                    "control_type": "text",
                    "label": "Value",
                    "optional": true,
                    "type": "string",
                    "name": "value"
                  }
                ]
              },
              {
                "type": "string",
                "name": "output",
                "control_type": "schema-designer",
                "label": "Response body",
                "sticky": true,
                "optional": true,
                "extends_schema": true,
                "schema_neutral": true
              },
              {
                "type": "string",
                "name": "response_headers",
                "control_type": "schema-designer",
                "label": "Response headers",
                "sticky": false,
                "optional": true,
                "extends_schema": true,
                "schema_neutral": true
              }
            ],
            "visible_config_fields": [
              "mnemonic",
              "verb",
              "path",
              "request_type",
              "response_type",
              "input",
              "input.schema",
              "input.data.records",
              "output",
              "input.data.records.SubscriptionNumber__c",
              "input.data.records.InquiryLink__c",
              "input.data.records.Message__c",
              "input.data.records.Status__c",
              "input.data.records.OrderNumber__c",
              "input.data.records.FulfillmentRequest__c"
            ],
            "uuid": "6be5d4bb-895e-4054-b443-cf09293428c2"
          },
          {
            "number": 19,
            "keyword": "else",
            "dynamicPickListSelection": {
            },
            "toggleCfg": {
            },
            "input": {
            },
            "block": [
              {
                "number": 20,
                "provider": "zuora",
                "name": "__adhoc_http_action",
                "as": "0545f818",
                "title": "Update Orders Provisioning Record",
                "description": "Update <span class=\"provider\">Orders Provisioning Record</span> in <span class=\"provider\">Zuora</span> (Custom)",
                "keyword": "action",
                "dynamicPickListSelection": {
                },
                "toggleCfg": {
                },
                "input": {
                  "mnemonic": "Update Orders Provisioning Record",
                  "verb": "put",
                  "request_type": "json",
                  "response_type": "json",
                  "path": "#{_('data.workato.job_context.account_properties.zuora_base_url', 'account_property', 'zuora_base_url')}/objects/records/default/connect_orders_provisioning/#{_('data.workato_variable.00e343d5.object_id')}",
                  "input": {
                    "schema": "[{\"control_type\":\"text\",\"label\":\"Message c\",\"type\":\"string\",\"name\":\"Message__c\",\"details\":{\"real_name\":\"Message__c\"}},{\"control_type\":\"text\",\"label\":\"Status c\",\"type\":\"string\",\"name\":\"Status__c\",\"details\":{\"real_name\":\"Status__c\"}},{\"control_type\":\"text\",\"label\":\"Fulfillment request c\",\"type\":\"string\",\"name\":\"FulfillmentRequest__c\",\"details\":{\"real_name\":\"FulfillmentRequest__c\"}},{\"control_type\":\"text\",\"label\":\"Order number c\",\"type\":\"string\",\"name\":\"OrderNumber__c\",\"details\":{\"real_name\":\"OrderNumber__c\"}},{\"control_type\":\"text\",\"label\":\"Subscription number c\",\"type\":\"string\",\"name\":\"SubscriptionNumber__c\",\"details\":{\"real_name\":\"SubscriptionNumber__c\"}}]",
                    "data": {
                      "Message__c": "=_('data.workato_service.69c65814.request.message').first(255)",
                      "Status__c": "#{_('data.workato_service.69c65814.request.status')}",
                      "FulfillmentRequest__c": "#{_('data.workato_variable.00e343d5.fr_id')}",
                      "OrderNumber__c": "#{_('data.workato_variable.00e343d5.order_number')}",
                      "SubscriptionNumber__c": "#{_('data.workato_service.69c65814.request.subscription_number')}"
                    }
                  }
                },
                "extended_input_schema": [
                  {
                    "type": "string",
                    "name": "path",
                    "control_type": "text",
                    "label": "Path",
                    "hint": "Base URI is <b>https://rest.apisandbox.zuora.com</b> - path will be appended to this URI. Use absolute URI to override this base URI.",
                    "optional": false
                  },
                  {
                    "type": "string",
                    "name": "request_type",
                    "control_type": "select",
                    "label": "Request type",
                    "default": "json",
                    "sticky": false,
                    "pick_list": [
                      [
                        "JSON request body",
                        "json"
                      ],
                      [
                        "URL encoded form",
                        "urlencoded"
                      ],
                      [
                        "Multipart form",
                        "multipart"
                      ],
                      [
                        "Raw request body",
                        "raw"
                      ]
                    ],
                    "optional": true,
                    "extends_schema": true
                  },
                  {
                    "type": "string",
                    "name": "response_type",
                    "control_type": "select",
                    "label": "Response type",
                    "default": "json",
                    "sticky": false,
                    "pick_list": [
                      [
                        "JSON response",
                        "json"
                      ],
                      [
                        "Raw response",
                        "raw"
                      ]
                    ],
                    "optional": true,
                    "extends_schema": true
                  },
                  {
                    "type": "object",
                    "name": "input",
                    "label": "Input",
                    "optional": true,
                    "properties": [
                      {
                        "control_type": "schema-designer",
                        "label": "Request body parameters",
                        "extends_schema": true,
                        "schema_neutral": true,
                        "sample_data_type": "json_input",
                        "sticky": false,
                        "add_field_label": "Add request body parameter",
                        "optional": true,
                        "type": "string",
                        "name": "schema"
                      },
                      {
                        "properties": [
                          {
                            "control_type": "text",
                            "label": "Message c",
                            "details": {
                              "real_name": "Message__c"
                            },
                            "sticky": true,
                            "optional": true,
                            "type": "string",
                            "name": "Message__c"
                          },
                          {
                            "control_type": "text",
                            "label": "Status c",
                            "details": {
                              "real_name": "Status__c"
                            },
                            "sticky": true,
                            "optional": true,
                            "type": "string",
                            "name": "Status__c"
                          },
                          {
                            "control_type": "text",
                            "label": "Fulfillment request c",
                            "details": {
                              "real_name": "FulfillmentRequest__c"
                            },
                            "sticky": true,
                            "optional": true,
                            "type": "string",
                            "name": "FulfillmentRequest__c"
                          },
                          {
                            "control_type": "text",
                            "label": "Order number c",
                            "details": {
                              "real_name": "OrderNumber__c"
                            },
                            "sticky": true,
                            "optional": true,
                            "type": "string",
                            "name": "OrderNumber__c"
                          },
                          {
                            "control_type": "text",
                            "label": "Subscription number c",
                            "details": {
                              "real_name": "SubscriptionNumber__c"
                            },
                            "sticky": true,
                            "optional": true,
                            "type": "string",
                            "name": "SubscriptionNumber__c"
                          }
                        ],
                        "label": "Data",
                        "optional": true,
                        "type": "object",
                        "name": "data"
                      }
                    ]
                  },
                  {
                    "type": "array",
                    "name": "request_headers",
                    "control_type": "key_value",
                    "label": "Request headers",
                    "optional": true,
                    "of": "object",
                    "properties": [
                      {
                        "control_type": "text",
                        "label": "Name",
                        "optional": true,
                        "type": "string",
                        "name": "name"
                      },
                      {
                        "control_type": "text",
                        "label": "Value",
                        "optional": true,
                        "type": "string",
                        "name": "value"
                      }
                    ]
                  },
                  {
                    "type": "string",
                    "name": "output",
                    "control_type": "schema-designer",
                    "label": "Response body",
                    "sticky": true,
                    "optional": true,
                    "extends_schema": true,
                    "schema_neutral": true
                  },
                  {
                    "type": "string",
                    "name": "response_headers",
                    "control_type": "schema-designer",
                    "label": "Response headers",
                    "sticky": false,
                    "optional": true,
                    "extends_schema": true,
                    "schema_neutral": true
                  }
                ],
                "uuid": "68be07ae-d019-4325-a2a4-49e1fc9cbdfd"
              }
            ],
            "comment": "if record is found update it",
            "uuid": "a856868e-9555-41db-8a12-250cd32117d5"
          }
        ],
        "comment": "If no record found insert new",
        "uuid": "d6db9531-3581-4262-93e3-a656ce19982b"
      }
    ],
    "uuid": "a5528671-4d60-4fee-b651-5aeb2b594829"
  },
  "config": [
    {
      "keyword": "application",
      "provider": "workato_service",
      "skip_validation": false,
      "account_id": null
    },
    {
      "keyword": "application",
      "provider": "workato_variable",
      "skip_validation": false,
      "account_id": null
    },
    {
      "keyword": "application",
      "provider": "zuora",
      "skip_validation": false,
      "account_id": {
        "zip_name": "Connections/zuora.connection.json",
        "name": "Zuora",
        "folder": "Connections"
      }
    }
  ]
}