{
  "name": "Usage update",
  "description": "When there is a trigger event, do action",
  "version": 1,
  "private": true,
  "concurrency": 1,
  "code": {
    "number": 0,
    "provider": "new_connector_1_connector_243909_1626338639",
    "name": "new_usage_files",
    "as": "6b7b274c",
    "keyword": "trigger",
    "dynamicPickListSelection": {
    },
    "toggleCfg": {
    },
    "input": {
      "delay": "0",
      "since": "2020-09-07T00:00:00-07:00",
      "file_status": "accepted"
    },
    "visible_config_fields": [
      "delay",
      "file_status"
    ],
    "block": [
      {
        "number": 1,
        "provider": "new_connector_1_connector_243909_1626338639",
        "name": "get_usage_records",
        "as": "297b33a7",
        "keyword": "action",
        "dynamicPickListSelection": {
        },
        "toggleCfg": {
        },
        "input": {
          "file_id": "#{_('data.new_connector_1_connector_243909_1626338639.6b7b274c.id')}"
        },
        "uuid": "969091d9-90a2-4c99-87e7-1655fd20c8e7"
      },
      {
        "number": 2,
        "as": "eae3679e",
        "keyword": "foreach",
        "dynamicPickListSelection": {
        },
        "toggleCfg": {
        },
        "repeat_mode": "simple",
        "clear_scope": "false",
        "input": {
        },
        "block": [
          {
            "number": 3,
            "provider": "zuora",
            "name": "__adhoc_http_action",
            "as": "e867f69e",
            "title": "Get Subscription",
            "description": "Get <span class=\"provider\">Subscription</span> in <span class=\"provider\">Zuora</span> (Custom)",
            "keyword": "action",
            "dynamicPickListSelection": {
            },
            "toggleCfg": {
            },
            "input": {
              "mnemonic": "Get Subscription",
              "verb": "get",
              "response_type": "json",
              "path": "/v1/subscriptions/#{_('data.new_connector_1_connector_243909_1626338639.297b33a7.records.first.asset.external_id')}",
              "output": "[{\"control_type\":\"text\",\"label\":\"Success\",\"render_input\":{},\"parse_output\":{},\"toggle_hint\":\"Select from option list\",\"toggle_field\":{\"label\":\"Success\",\"control_type\":\"text\",\"toggle_hint\":\"Use custom value\",\"type\":\"boolean\",\"name\":\"success\"},\"type\":\"boolean\",\"name\":\"success\"},{\"control_type\":\"text\",\"label\":\"ID\",\"type\":\"string\",\"name\":\"id\"},{\"control_type\":\"text\",\"label\":\"Account ID\",\"type\":\"string\",\"name\":\"accountId\"},{\"control_type\":\"text\",\"label\":\"Account number\",\"type\":\"string\",\"name\":\"accountNumber\"},{\"control_type\":\"text\",\"label\":\"Account name\",\"type\":\"string\",\"name\":\"accountName\"},{\"control_type\":\"text\",\"label\":\"Invoice owner account ID\",\"type\":\"string\",\"name\":\"invoiceOwnerAccountId\"},{\"control_type\":\"text\",\"label\":\"Invoice owner account number\",\"type\":\"string\",\"name\":\"invoiceOwnerAccountNumber\"},{\"control_type\":\"text\",\"label\":\"Invoice owner account name\",\"type\":\"string\",\"name\":\"invoiceOwnerAccountName\"},{\"control_type\":\"text\",\"label\":\"Subscription number\",\"type\":\"string\",\"name\":\"subscriptionNumber\"},{\"control_type\":\"number\",\"label\":\"Version\",\"parse_output\":\"float_conversion\",\"type\":\"number\",\"name\":\"version\"},{\"control_type\":\"text\",\"label\":\"Revision\",\"type\":\"string\",\"name\":\"revision\"},{\"control_type\":\"text\",\"label\":\"Term type\",\"type\":\"string\",\"name\":\"termType\"},{\"control_type\":\"text\",\"label\":\"Invoice separately\",\"render_input\":{},\"parse_output\":{},\"toggle_hint\":\"Select from option list\",\"toggle_field\":{\"label\":\"Invoice separately\",\"control_type\":\"text\",\"toggle_hint\":\"Use custom value\",\"type\":\"boolean\",\"name\":\"invoiceSeparately\"},\"type\":\"boolean\",\"name\":\"invoiceSeparately\"},{\"control_type\":\"text\",\"label\":\"Contract effective date\",\"type\":\"string\",\"name\":\"contractEffectiveDate\"},{\"control_type\":\"text\",\"label\":\"Service activation date\",\"type\":\"string\",\"name\":\"serviceActivationDate\"},{\"control_type\":\"text\",\"label\":\"Customer acceptance date\",\"type\":\"string\",\"name\":\"customerAcceptanceDate\"},{\"control_type\":\"text\",\"label\":\"Subscription start date\",\"type\":\"string\",\"name\":\"subscriptionStartDate\"},{\"control_type\":\"text\",\"label\":\"Subscription end date\",\"type\":\"string\",\"name\":\"subscriptionEndDate\"},{\"control_type\":\"text\",\"label\":\"Term start date\",\"type\":\"string\",\"name\":\"termStartDate\"},{\"control_type\":\"text\",\"label\":\"Term end date\",\"type\":\"string\",\"name\":\"termEndDate\"},{\"control_type\":\"number\",\"label\":\"Initial term\",\"parse_output\":\"float_conversion\",\"type\":\"number\",\"name\":\"initialTerm\"},{\"control_type\":\"text\",\"label\":\"Initial term period type\",\"type\":\"string\",\"name\":\"initialTermPeriodType\"},{\"control_type\":\"number\",\"label\":\"Current term\",\"parse_output\":\"float_conversion\",\"type\":\"number\",\"name\":\"currentTerm\"},{\"control_type\":\"text\",\"label\":\"Current term period type\",\"type\":\"string\",\"name\":\"currentTermPeriodType\"},{\"control_type\":\"text\",\"label\":\"Auto renew\",\"render_input\":{},\"parse_output\":{},\"toggle_hint\":\"Select from option list\",\"toggle_field\":{\"label\":\"Auto renew\",\"control_type\":\"text\",\"toggle_hint\":\"Use custom value\",\"type\":\"boolean\",\"name\":\"autoRenew\"},\"type\":\"boolean\",\"name\":\"autoRenew\"},{\"control_type\":\"text\",\"label\":\"Renewal setting\",\"type\":\"string\",\"name\":\"renewalSetting\"},{\"control_type\":\"number\",\"label\":\"Renewal term\",\"parse_output\":\"float_conversion\",\"type\":\"number\",\"name\":\"renewalTerm\"},{\"control_type\":\"text\",\"label\":\"Renewal term period type\",\"type\":\"string\",\"name\":\"renewalTermPeriodType\"},{\"control_type\":\"number\",\"label\":\"Contracted mrr\",\"parse_output\":\"float_conversion\",\"type\":\"number\",\"name\":\"contractedMrr\"},{\"control_type\":\"number\",\"label\":\"Total contracted value\",\"parse_output\":\"float_conversion\",\"type\":\"number\",\"name\":\"totalContractedValue\"},{\"control_type\":\"text\",\"label\":\"Notes\",\"type\":\"string\",\"name\":\"notes\"},{\"control_type\":\"text\",\"label\":\"Status\",\"type\":\"string\",\"name\":\"status\"},{\"control_type\":\"text\",\"label\":\"Quote number QT\",\"type\":\"string\",\"name\":\"QuoteNumber__QT\"},{\"control_type\":\"text\",\"label\":\"Quote business type QT\",\"type\":\"string\",\"name\":\"QuoteBusinessType__QT\"},{\"control_type\":\"text\",\"label\":\"Opportunity close date QT\",\"type\":\"string\",\"name\":\"OpportunityCloseDate__QT\"},{\"control_type\":\"text\",\"label\":\"Opportunity name QT\",\"type\":\"string\",\"name\":\"OpportunityName__QT\"},{\"control_type\":\"text\",\"label\":\"Partner ID c\",\"type\":\"string\",\"name\":\"PartnerID__c\"},{\"control_type\":\"text\",\"label\":\"Cpq bundle json ID QT\",\"type\":\"string\",\"name\":\"CpqBundleJsonId__QT\"},{\"control_type\":\"text\",\"label\":\"Quote type QT\",\"type\":\"string\",\"name\":\"QuoteType__QT\"},{\"name\":\"ratePlans\",\"type\":\"array\",\"of\":\"object\",\"label\":\"Rate plans\",\"properties\":[{\"control_type\":\"text\",\"label\":\"ID\",\"type\":\"string\",\"name\":\"id\"},{\"control_type\":\"text\",\"label\":\"Product ID\",\"type\":\"string\",\"name\":\"productId\"},{\"control_type\":\"text\",\"label\":\"Product name\",\"type\":\"string\",\"name\":\"productName\"},{\"control_type\":\"text\",\"label\":\"Product sku\",\"type\":\"string\",\"name\":\"productSku\"},{\"control_type\":\"text\",\"label\":\"Product rate plan ID\",\"type\":\"string\",\"name\":\"productRatePlanId\"},{\"control_type\":\"text\",\"label\":\"Rate plan name\",\"type\":\"string\",\"name\":\"ratePlanName\"},{\"control_type\":\"text\",\"label\":\"CB connect asset ID c\",\"type\":\"string\",\"name\":\"CBConnectAssetID__c\"},{\"control_type\":\"text\",\"label\":\"Planstatus c\",\"type\":\"string\",\"name\":\"planstatus__c\"},{\"name\":\"ratePlanCharges\",\"type\":\"array\",\"of\":\"object\",\"label\":\"Rate plan charges\",\"properties\":[{\"control_type\":\"text\",\"label\":\"ID\",\"type\":\"string\",\"name\":\"id\"},{\"control_type\":\"text\",\"label\":\"Original charge ID\",\"type\":\"string\",\"name\":\"originalChargeId\"},{\"control_type\":\"text\",\"label\":\"Product rate plan charge ID\",\"type\":\"string\",\"name\":\"productRatePlanChargeId\"},{\"control_type\":\"text\",\"label\":\"Number\",\"type\":\"string\",\"name\":\"number\"},{\"control_type\":\"text\",\"label\":\"Name\",\"type\":\"string\",\"name\":\"name\"},{\"control_type\":\"text\",\"label\":\"Type\",\"type\":\"string\",\"name\":\"type\"},{\"control_type\":\"text\",\"label\":\"Model\",\"type\":\"string\",\"name\":\"model\"},{\"control_type\":\"text\",\"label\":\"Uom\",\"type\":\"string\",\"name\":\"uom\"},{\"control_type\":\"number\",\"label\":\"Version\",\"parse_output\":\"float_conversion\",\"type\":\"number\",\"name\":\"version\"},{\"control_type\":\"text\",\"label\":\"Pricing summary\",\"type\":\"string\",\"name\":\"pricingSummary\"},{\"control_type\":\"text\",\"label\":\"Price change option\",\"type\":\"string\",\"name\":\"priceChangeOption\"},{\"control_type\":\"text\",\"label\":\"Price increase percentage\",\"type\":\"string\",\"name\":\"priceIncreasePercentage\"},{\"control_type\":\"text\",\"label\":\"Currency\",\"type\":\"string\",\"name\":\"currency\"},{\"control_type\":\"text\",\"label\":\"Price\",\"type\":\"string\",\"name\":\"price\"},{\"name\":\"tiers\",\"type\":\"array\",\"of\":\"object\",\"label\":\"Tiers\",\"properties\":[{\"control_type\":\"number\",\"label\":\"Tier\",\"parse_output\":\"float_conversion\",\"type\":\"number\",\"name\":\"tier\"},{\"control_type\":\"number\",\"label\":\"Starting unit\",\"parse_output\":\"float_conversion\",\"type\":\"number\",\"name\":\"startingUnit\"},{\"control_type\":\"text\",\"label\":\"Ending unit\",\"type\":\"string\",\"name\":\"endingUnit\"},{\"control_type\":\"number\",\"label\":\"Price\",\"parse_output\":\"float_conversion\",\"type\":\"number\",\"name\":\"price\"},{\"control_type\":\"text\",\"label\":\"Price format\",\"type\":\"string\",\"name\":\"priceFormat\"}]},{\"control_type\":\"text\",\"label\":\"Included units\",\"type\":\"string\",\"name\":\"includedUnits\"},{\"control_type\":\"text\",\"label\":\"Overage price\",\"type\":\"string\",\"name\":\"overagePrice\"},{\"control_type\":\"text\",\"label\":\"Discount percentage\",\"type\":\"string\",\"name\":\"discountPercentage\"},{\"control_type\":\"text\",\"label\":\"Discount amount\",\"type\":\"string\",\"name\":\"discountAmount\"},{\"control_type\":\"text\",\"label\":\"Apply discount to\",\"type\":\"string\",\"name\":\"applyDiscountTo\"},{\"control_type\":\"text\",\"label\":\"Discount level\",\"type\":\"string\",\"name\":\"discountLevel\"},{\"control_type\":\"text\",\"label\":\"Discount class\",\"type\":\"string\",\"name\":\"discountClass\"},{\"control_type\":\"text\",\"label\":\"Billing day\",\"type\":\"string\",\"name\":\"billingDay\"},{\"control_type\":\"text\",\"label\":\"List price base\",\"type\":\"string\",\"name\":\"listPriceBase\"},{\"control_type\":\"text\",\"label\":\"Billing period\",\"type\":\"string\",\"name\":\"billingPeriod\"},{\"control_type\":\"text\",\"label\":\"Specific billing period\",\"type\":\"string\",\"name\":\"specificBillingPeriod\"},{\"control_type\":\"text\",\"label\":\"Billing timing\",\"type\":\"string\",\"name\":\"billingTiming\"},{\"control_type\":\"text\",\"label\":\"Rating group\",\"type\":\"string\",\"name\":\"ratingGroup\"},{\"control_type\":\"text\",\"label\":\"Billing period alignment\",\"type\":\"string\",\"name\":\"billingPeriodAlignment\"},{\"control_type\":\"number\",\"label\":\"Quantity\",\"parse_output\":\"float_conversion\",\"type\":\"number\",\"name\":\"quantity\"},{\"control_type\":\"text\",\"label\":\"Smoothing model\",\"type\":\"string\",\"name\":\"smoothingModel\"},{\"control_type\":\"text\",\"label\":\"Number of periods\",\"type\":\"string\",\"name\":\"numberOfPeriods\"},{\"control_type\":\"text\",\"label\":\"Overage calculation option\",\"type\":\"string\",\"name\":\"overageCalculationOption\"},{\"control_type\":\"text\",\"label\":\"Overage unused units credit option\",\"type\":\"string\",\"name\":\"overageUnusedUnitsCreditOption\"},{\"control_type\":\"text\",\"label\":\"Unused units credit rates\",\"type\":\"string\",\"name\":\"unusedUnitsCreditRates\"},{\"control_type\":\"text\",\"label\":\"Usage record rating option\",\"type\":\"string\",\"name\":\"usageRecordRatingOption\"},{\"control_type\":\"number\",\"label\":\"Segment\",\"parse_output\":\"float_conversion\",\"type\":\"number\",\"name\":\"segment\"},{\"control_type\":\"text\",\"label\":\"Effective start date\",\"type\":\"string\",\"name\":\"effectiveStartDate\"},{\"control_type\":\"text\",\"label\":\"Effective end date\",\"type\":\"string\",\"name\":\"effectiveEndDate\"},{\"control_type\":\"text\",\"label\":\"Processed through date\",\"type\":\"string\",\"name\":\"processedThroughDate\"},{\"control_type\":\"text\",\"label\":\"Charged through date\",\"type\":\"string\",\"name\":\"chargedThroughDate\"},{\"control_type\":\"text\",\"label\":\"Done\",\"render_input\":{},\"parse_output\":{},\"toggle_hint\":\"Select from option list\",\"toggle_field\":{\"label\":\"Done\",\"control_type\":\"text\",\"toggle_hint\":\"Use custom value\",\"type\":\"boolean\",\"name\":\"done\"},\"type\":\"boolean\",\"name\":\"done\"},{\"control_type\":\"text\",\"label\":\"Trigger date\",\"type\":\"string\",\"name\":\"triggerDate\"},{\"control_type\":\"text\",\"label\":\"Trigger event\",\"type\":\"string\",\"name\":\"triggerEvent\"},{\"control_type\":\"text\",\"label\":\"End date condition\",\"type\":\"string\",\"name\":\"endDateCondition\"},{\"control_type\":\"text\",\"label\":\"Up to periods type\",\"type\":\"string\",\"name\":\"upToPeriodsType\"},{\"control_type\":\"text\",\"label\":\"Up to periods\",\"type\":\"string\",\"name\":\"upToPeriods\"},{\"control_type\":\"text\",\"label\":\"Specific end date\",\"type\":\"string\",\"name\":\"specificEndDate\"},{\"control_type\":\"number\",\"label\":\"Mrr\",\"parse_output\":\"float_conversion\",\"type\":\"number\",\"name\":\"mrr\"},{\"control_type\":\"number\",\"label\":\"Dmrc\",\"parse_output\":\"float_conversion\",\"type\":\"number\",\"name\":\"dmrc\"},{\"control_type\":\"number\",\"label\":\"Tcv\",\"parse_output\":\"float_conversion\",\"type\":\"number\",\"name\":\"tcv\"},{\"control_type\":\"number\",\"label\":\"Dtcv\",\"parse_output\":\"float_conversion\",\"type\":\"number\",\"name\":\"dtcv\"},{\"control_type\":\"text\",\"label\":\"Description\",\"type\":\"string\",\"name\":\"description\"}]}]},{\"control_type\":\"text\",\"label\":\"Order number\",\"type\":\"string\",\"name\":\"orderNumber\"}]"
            },
            "extended_output_schema": [
              {
                "type": "number",
                "name": "success",
                "control_type": "text",
                "label": "Success",
                "optional": true,
                "toggle_hint": "Select from option list",
                "toggle_field": {
                  "label": "Success",
                  "control_type": "text",
                  "toggle_hint": "Use custom value",
                  "type": "boolean",
                  "name": "success"
                },
                "render_input": {
                },
                "parse_output": {
                }
              },
              {
                "type": "string",
                "name": "id",
                "control_type": "text",
                "label": "ID",
                "optional": true
              },
              {
                "type": "string",
                "name": "accountId",
                "control_type": "text",
                "label": "Account ID",
                "optional": true
              },
              {
                "type": "string",
                "name": "accountNumber",
                "control_type": "text",
                "label": "Account number",
                "optional": true
              },
              {
                "type": "string",
                "name": "accountName",
                "control_type": "text",
                "label": "Account name",
                "optional": true
              },
              {
                "type": "string",
                "name": "invoiceOwnerAccountId",
                "control_type": "text",
                "label": "Invoice owner account ID",
                "optional": true
              },
              {
                "type": "string",
                "name": "invoiceOwnerAccountNumber",
                "control_type": "text",
                "label": "Invoice owner account number",
                "optional": true
              },
              {
                "type": "string",
                "name": "invoiceOwnerAccountName",
                "control_type": "text",
                "label": "Invoice owner account name",
                "optional": true
              },
              {
                "type": "string",
                "name": "subscriptionNumber",
                "control_type": "text",
                "label": "Subscription number",
                "optional": true
              },
              {
                "type": "number",
                "name": "version",
                "control_type": "number",
                "label": "Version",
                "optional": true,
                "parse_output": "float_conversion"
              },
              {
                "type": "string",
                "name": "revision",
                "control_type": "text",
                "label": "Revision",
                "optional": true
              },
              {
                "type": "string",
                "name": "termType",
                "control_type": "text",
                "label": "Term type",
                "optional": true
              },
              {
                "type": "number",
                "name": "invoiceSeparately",
                "control_type": "text",
                "label": "Invoice separately",
                "optional": true,
                "toggle_hint": "Select from option list",
                "toggle_field": {
                  "label": "Invoice separately",
                  "control_type": "text",
                  "toggle_hint": "Use custom value",
                  "type": "boolean",
                  "name": "invoiceSeparately"
                },
                "render_input": {
                },
                "parse_output": {
                }
              },
              {
                "type": "string",
                "name": "contractEffectiveDate",
                "control_type": "text",
                "label": "Contract effective date",
                "optional": true
              },
              {
                "type": "string",
                "name": "serviceActivationDate",
                "control_type": "text",
                "label": "Service activation date",
                "optional": true
              },
              {
                "type": "string",
                "name": "customerAcceptanceDate",
                "control_type": "text",
                "label": "Customer acceptance date",
                "optional": true
              },
              {
                "type": "string",
                "name": "subscriptionStartDate",
                "control_type": "text",
                "label": "Subscription start date",
                "optional": true
              },
              {
                "type": "string",
                "name": "subscriptionEndDate",
                "control_type": "text",
                "label": "Subscription end date",
                "optional": true
              },
              {
                "type": "string",
                "name": "termStartDate",
                "control_type": "text",
                "label": "Term start date",
                "optional": true
              },
              {
                "type": "string",
                "name": "termEndDate",
                "control_type": "text",
                "label": "Term end date",
                "optional": true
              },
              {
                "type": "number",
                "name": "initialTerm",
                "control_type": "number",
                "label": "Initial term",
                "optional": true,
                "parse_output": "float_conversion"
              },
              {
                "type": "string",
                "name": "initialTermPeriodType",
                "control_type": "text",
                "label": "Initial term period type",
                "optional": true
              },
              {
                "type": "number",
                "name": "currentTerm",
                "control_type": "number",
                "label": "Current term",
                "optional": true,
                "parse_output": "float_conversion"
              },
              {
                "type": "string",
                "name": "currentTermPeriodType",
                "control_type": "text",
                "label": "Current term period type",
                "optional": true
              },
              {
                "type": "number",
                "name": "autoRenew",
                "control_type": "text",
                "label": "Auto renew",
                "optional": true,
                "toggle_hint": "Select from option list",
                "toggle_field": {
                  "label": "Auto renew",
                  "control_type": "text",
                  "toggle_hint": "Use custom value",
                  "type": "boolean",
                  "name": "autoRenew"
                },
                "render_input": {
                },
                "parse_output": {
                }
              },
              {
                "type": "string",
                "name": "renewalSetting",
                "control_type": "text",
                "label": "Renewal setting",
                "optional": true
              },
              {
                "type": "number",
                "name": "renewalTerm",
                "control_type": "number",
                "label": "Renewal term",
                "optional": true,
                "parse_output": "float_conversion"
              },
              {
                "type": "string",
                "name": "renewalTermPeriodType",
                "control_type": "text",
                "label": "Renewal term period type",
                "optional": true
              },
              {
                "type": "number",
                "name": "contractedMrr",
                "control_type": "number",
                "label": "Contracted mrr",
                "optional": true,
                "parse_output": "float_conversion"
              },
              {
                "type": "number",
                "name": "totalContractedValue",
                "control_type": "number",
                "label": "Total contracted value",
                "optional": true,
                "parse_output": "float_conversion"
              },
              {
                "type": "string",
                "name": "notes",
                "control_type": "text",
                "label": "Notes",
                "optional": true
              },
              {
                "type": "string",
                "name": "status",
                "control_type": "text",
                "label": "Status",
                "optional": true
              },
              {
                "type": "string",
                "name": "QuoteNumber__QT",
                "control_type": "text",
                "label": "Quote number QT",
                "optional": true
              },
              {
                "type": "string",
                "name": "QuoteBusinessType__QT",
                "control_type": "text",
                "label": "Quote business type QT",
                "optional": true
              },
              {
                "type": "string",
                "name": "OpportunityCloseDate__QT",
                "control_type": "text",
                "label": "Opportunity close date QT",
                "optional": true
              },
              {
                "type": "string",
                "name": "OpportunityName__QT",
                "control_type": "text",
                "label": "Opportunity name QT",
                "optional": true
              },
              {
                "type": "string",
                "name": "PartnerID__c",
                "control_type": "text",
                "label": "Partner ID c",
                "optional": true
              },
              {
                "type": "string",
                "name": "CpqBundleJsonId__QT",
                "control_type": "text",
                "label": "Cpq bundle json ID QT",
                "optional": true
              },
              {
                "type": "string",
                "name": "QuoteType__QT",
                "control_type": "text",
                "label": "Quote type QT",
                "optional": true
              },
              {
                "type": "array",
                "name": "ratePlans",
                "label": "Rate plans",
                "optional": true,
                "of": "object",
                "properties": [
                  {
                    "control_type": "text",
                    "label": "ID",
                    "optional": true,
                    "type": "string",
                    "name": "id"
                  },
                  {
                    "control_type": "text",
                    "label": "Product ID",
                    "optional": true,
                    "type": "string",
                    "name": "productId"
                  },
                  {
                    "control_type": "text",
                    "label": "Product name",
                    "optional": true,
                    "type": "string",
                    "name": "productName"
                  },
                  {
                    "control_type": "text",
                    "label": "Product sku",
                    "optional": true,
                    "type": "string",
                    "name": "productSku"
                  },
                  {
                    "control_type": "text",
                    "label": "Product rate plan ID",
                    "optional": true,
                    "type": "string",
                    "name": "productRatePlanId"
                  },
                  {
                    "control_type": "text",
                    "label": "Rate plan name",
                    "optional": true,
                    "type": "string",
                    "name": "ratePlanName"
                  },
                  {
                    "control_type": "text",
                    "label": "CB connect asset ID c",
                    "optional": true,
                    "type": "string",
                    "name": "CBConnectAssetID__c"
                  },
                  {
                    "control_type": "text",
                    "label": "Planstatus c",
                    "optional": true,
                    "type": "string",
                    "name": "planstatus__c"
                  },
                  {
                    "name": "ratePlanCharges",
                    "type": "array",
                    "of": "object",
                    "label": "Rate plan charges",
                    "optional": true,
                    "properties": [
                      {
                        "control_type": "text",
                        "label": "ID",
                        "optional": true,
                        "type": "string",
                        "name": "id"
                      },
                      {
                        "control_type": "text",
                        "label": "Original charge ID",
                        "optional": true,
                        "type": "string",
                        "name": "originalChargeId"
                      },
                      {
                        "control_type": "text",
                        "label": "Product rate plan charge ID",
                        "optional": true,
                        "type": "string",
                        "name": "productRatePlanChargeId"
                      },
                      {
                        "control_type": "text",
                        "label": "Number",
                        "optional": true,
                        "type": "string",
                        "name": "number"
                      },
                      {
                        "control_type": "text",
                        "label": "Name",
                        "optional": true,
                        "type": "string",
                        "name": "name"
                      },
                      {
                        "control_type": "text",
                        "label": "Type",
                        "optional": true,
                        "type": "string",
                        "name": "type"
                      },
                      {
                        "control_type": "text",
                        "label": "Model",
                        "optional": true,
                        "type": "string",
                        "name": "model"
                      },
                      {
                        "control_type": "text",
                        "label": "Uom",
                        "optional": true,
                        "type": "string",
                        "name": "uom"
                      },
                      {
                        "control_type": "number",
                        "label": "Version",
                        "parse_output": "float_conversion",
                        "optional": true,
                        "type": "number",
                        "name": "version"
                      },
                      {
                        "control_type": "text",
                        "label": "Pricing summary",
                        "optional": true,
                        "type": "string",
                        "name": "pricingSummary"
                      },
                      {
                        "control_type": "text",
                        "label": "Price change option",
                        "optional": true,
                        "type": "string",
                        "name": "priceChangeOption"
                      },
                      {
                        "control_type": "text",
                        "label": "Price increase percentage",
                        "optional": true,
                        "type": "string",
                        "name": "priceIncreasePercentage"
                      },
                      {
                        "control_type": "text",
                        "label": "Currency",
                        "optional": true,
                        "type": "string",
                        "name": "currency"
                      },
                      {
                        "control_type": "text",
                        "label": "Price",
                        "optional": true,
                        "type": "string",
                        "name": "price"
                      },
                      {
                        "name": "tiers",
                        "type": "array",
                        "of": "object",
                        "label": "Tiers",
                        "optional": true,
                        "properties": [
                          {
                            "control_type": "number",
                            "label": "Tier",
                            "parse_output": "float_conversion",
                            "optional": true,
                            "type": "number",
                            "name": "tier"
                          },
                          {
                            "control_type": "number",
                            "label": "Starting unit",
                            "parse_output": "float_conversion",
                            "optional": true,
                            "type": "number",
                            "name": "startingUnit"
                          },
                          {
                            "control_type": "text",
                            "label": "Ending unit",
                            "optional": true,
                            "type": "string",
                            "name": "endingUnit"
                          },
                          {
                            "control_type": "number",
                            "label": "Price",
                            "parse_output": "float_conversion",
                            "optional": true,
                            "type": "number",
                            "name": "price"
                          },
                          {
                            "control_type": "text",
                            "label": "Price format",
                            "optional": true,
                            "type": "string",
                            "name": "priceFormat"
                          }
                        ]
                      },
                      {
                        "control_type": "text",
                        "label": "Included units",
                        "optional": true,
                        "type": "string",
                        "name": "includedUnits"
                      },
                      {
                        "control_type": "text",
                        "label": "Overage price",
                        "optional": true,
                        "type": "string",
                        "name": "overagePrice"
                      },
                      {
                        "control_type": "text",
                        "label": "Discount percentage",
                        "optional": true,
                        "type": "string",
                        "name": "discountPercentage"
                      },
                      {
                        "control_type": "text",
                        "label": "Discount amount",
                        "optional": true,
                        "type": "string",
                        "name": "discountAmount"
                      },
                      {
                        "control_type": "text",
                        "label": "Apply discount to",
                        "optional": true,
                        "type": "string",
                        "name": "applyDiscountTo"
                      },
                      {
                        "control_type": "text",
                        "label": "Discount level",
                        "optional": true,
                        "type": "string",
                        "name": "discountLevel"
                      },
                      {
                        "control_type": "text",
                        "label": "Discount class",
                        "optional": true,
                        "type": "string",
                        "name": "discountClass"
                      },
                      {
                        "control_type": "text",
                        "label": "Billing day",
                        "optional": true,
                        "type": "string",
                        "name": "billingDay"
                      },
                      {
                        "control_type": "text",
                        "label": "List price base",
                        "optional": true,
                        "type": "string",
                        "name": "listPriceBase"
                      },
                      {
                        "control_type": "text",
                        "label": "Billing period",
                        "optional": true,
                        "type": "string",
                        "name": "billingPeriod"
                      },
                      {
                        "control_type": "text",
                        "label": "Specific billing period",
                        "optional": true,
                        "type": "string",
                        "name": "specificBillingPeriod"
                      },
                      {
                        "control_type": "text",
                        "label": "Billing timing",
                        "optional": true,
                        "type": "string",
                        "name": "billingTiming"
                      },
                      {
                        "control_type": "text",
                        "label": "Rating group",
                        "optional": true,
                        "type": "string",
                        "name": "ratingGroup"
                      },
                      {
                        "control_type": "text",
                        "label": "Billing period alignment",
                        "optional": true,
                        "type": "string",
                        "name": "billingPeriodAlignment"
                      },
                      {
                        "control_type": "number",
                        "label": "Quantity",
                        "parse_output": "float_conversion",
                        "optional": true,
                        "type": "number",
                        "name": "quantity"
                      },
                      {
                        "control_type": "text",
                        "label": "Smoothing model",
                        "optional": true,
                        "type": "string",
                        "name": "smoothingModel"
                      },
                      {
                        "control_type": "text",
                        "label": "Number of periods",
                        "optional": true,
                        "type": "string",
                        "name": "numberOfPeriods"
                      },
                      {
                        "control_type": "text",
                        "label": "Overage calculation option",
                        "optional": true,
                        "type": "string",
                        "name": "overageCalculationOption"
                      },
                      {
                        "control_type": "text",
                        "label": "Overage unused units credit option",
                        "optional": true,
                        "type": "string",
                        "name": "overageUnusedUnitsCreditOption"
                      },
                      {
                        "control_type": "text",
                        "label": "Unused units credit rates",
                        "optional": true,
                        "type": "string",
                        "name": "unusedUnitsCreditRates"
                      },
                      {
                        "control_type": "text",
                        "label": "Usage record rating option",
                        "optional": true,
                        "type": "string",
                        "name": "usageRecordRatingOption"
                      },
                      {
                        "control_type": "number",
                        "label": "Segment",
                        "parse_output": "float_conversion",
                        "optional": true,
                        "type": "number",
                        "name": "segment"
                      },
                      {
                        "control_type": "text",
                        "label": "Effective start date",
                        "optional": true,
                        "type": "string",
                        "name": "effectiveStartDate"
                      },
                      {
                        "control_type": "text",
                        "label": "Effective end date",
                        "optional": true,
                        "type": "string",
                        "name": "effectiveEndDate"
                      },
                      {
                        "control_type": "text",
                        "label": "Processed through date",
                        "optional": true,
                        "type": "string",
                        "name": "processedThroughDate"
                      },
                      {
                        "control_type": "text",
                        "label": "Charged through date",
                        "optional": true,
                        "type": "string",
                        "name": "chargedThroughDate"
                      },
                      {
                        "control_type": "text",
                        "label": "Done",
                        "parse_output": {
                        },
                        "render_input": {
                        },
                        "toggle_hint": "Select from option list",
                        "toggle_field": {
                          "label": "Done",
                          "control_type": "text",
                          "toggle_hint": "Use custom value",
                          "type": "boolean",
                          "name": "done"
                        },
                        "optional": true,
                        "type": "number",
                        "name": "done"
                      },
                      {
                        "control_type": "text",
                        "label": "Trigger date",
                        "optional": true,
                        "type": "string",
                        "name": "triggerDate"
                      },
                      {
                        "control_type": "text",
                        "label": "Trigger event",
                        "optional": true,
                        "type": "string",
                        "name": "triggerEvent"
                      },
                      {
                        "control_type": "text",
                        "label": "End date condition",
                        "optional": true,
                        "type": "string",
                        "name": "endDateCondition"
                      },
                      {
                        "control_type": "text",
                        "label": "Up to periods type",
                        "optional": true,
                        "type": "string",
                        "name": "upToPeriodsType"
                      },
                      {
                        "control_type": "text",
                        "label": "Up to periods",
                        "optional": true,
                        "type": "string",
                        "name": "upToPeriods"
                      },
                      {
                        "control_type": "text",
                        "label": "Specific end date",
                        "optional": true,
                        "type": "string",
                        "name": "specificEndDate"
                      },
                      {
                        "control_type": "number",
                        "label": "Mrr",
                        "parse_output": "float_conversion",
                        "optional": true,
                        "type": "number",
                        "name": "mrr"
                      },
                      {
                        "control_type": "number",
                        "label": "Dmrc",
                        "parse_output": "float_conversion",
                        "optional": true,
                        "type": "number",
                        "name": "dmrc"
                      },
                      {
                        "control_type": "number",
                        "label": "Tcv",
                        "parse_output": "float_conversion",
                        "optional": true,
                        "type": "number",
                        "name": "tcv"
                      },
                      {
                        "control_type": "number",
                        "label": "Dtcv",
                        "parse_output": "float_conversion",
                        "optional": true,
                        "type": "number",
                        "name": "dtcv"
                      },
                      {
                        "control_type": "text",
                        "label": "Description",
                        "optional": true,
                        "type": "string",
                        "name": "description"
                      }
                    ]
                  }
                ]
              },
              {
                "type": "string",
                "name": "orderNumber",
                "control_type": "text",
                "label": "Order number",
                "optional": true
              }
            ],
            "extended_input_schema": [
              {
                "type": "string",
                "name": "path",
                "control_type": "text",
                "label": "Path",
                "hint": "Base URI is <b>https://rest.apisandbox.zuora.com</b> - path will be appended to this URI. Use absolute URI to override this base URI.",
                "optional": false
              },
              {
                "type": "string",
                "name": "response_type",
                "control_type": "select",
                "label": "Response type",
                "default": "json",
                "sticky": false,
                "pick_list": [
                  [
                    "JSON response",
                    "json"
                  ],
                  [
                    "Raw response",
                    "raw"
                  ]
                ],
                "optional": true,
                "extends_schema": true
              },
              {
                "type": "object",
                "name": "input",
                "control_type": "form-schema-builder",
                "label": "Request URL parameters",
                "sticky": true,
                "optional": true,
                "properties": [
                  {
                    "control_type": "text",
                    "label": "Schema",
                    "extends_schema": true,
                    "sticky": true,
                    "optional": true,
                    "type": "string",
                    "name": "schema"
                  }
                ]
              },
              {
                "type": "array",
                "name": "request_headers",
                "control_type": "key_value",
                "label": "Request headers",
                "optional": true,
                "of": "object",
                "properties": [
                  {
                    "control_type": "text",
                    "label": "Name",
                    "optional": true,
                    "type": "string",
                    "name": "name"
                  },
                  {
                    "control_type": "text",
                    "label": "Value",
                    "optional": true,
                    "type": "string",
                    "name": "value"
                  }
                ]
              },
              {
                "type": "string",
                "name": "output",
                "control_type": "schema-designer",
                "label": "Response body",
                "sticky": true,
                "optional": true,
                "extends_schema": true,
                "schema_neutral": true
              },
              {
                "type": "string",
                "name": "response_headers",
                "control_type": "schema-designer",
                "label": "Response headers",
                "sticky": false,
                "optional": true,
                "extends_schema": true,
                "schema_neutral": true
              }
            ],
            "uuid": "6f8af4a4-2732-462c-8e2e-16e691c76dbb"
          },
          {
            "number": 4,
            "as": "054d7066",
            "keyword": "foreach",
            "dynamicPickListSelection": {
            },
            "toggleCfg": {
            },
            "repeat_mode": "simple",
            "clear_scope": "false",
            "input": {
            },
            "block": [
              {
                "number": 5,
                "provider": "workato_service",
                "name": "call_service",
                "as": "bacddbab",
                "title": null,
                "description": "Call recipe <span class=\"provider\">Get Product by RatePlanId</span> ",
                "keyword": "action",
                "dynamicPickListSelection": {
                  "flow_id": "Get Product by RatePlanId"
                },
                "toggleCfg": {
                },
                "input": {
                  "flow_id": {
                    "zip_name": "Recipes/get_connect_product_info_by_productrateplanid.recipe.json",
                    "name": "Get Connect product info by ProductRatePlanId",
                    "folder": "Recipes"
                  },
                  "request": {
                    "ProductRatePlanId": "#{_('data.foreach.054d7066.productRatePlanId')}"
                  }
                },
                "extended_output_schema": [
                  {
                    "type": "object",
                    "name": "reply",
                    "label": "Reply",
                    "properties": [
                      {
                        "control_type": "text",
                        "label": "Connect product ID",
                        "name": "ConnectProductID",
                        "type": "string",
                        "optional": false
                      },
                      {
                        "control_type": "text",
                        "label": "Connect product item ID",
                        "name": "ConnectProductItemID",
                        "type": "string",
                        "optional": false
                      }
                    ]
                  }
                ],
                "extended_input_schema": [
                  {
                    "type": "object",
                    "name": "request",
                    "label": "Recipe input",
                    "properties": [
                      {
                        "control_type": "text",
                        "label": "Product rate plan ID",
                        "name": "ProductRatePlanId",
                        "type": "string",
                        "optional": false
                      }
                    ]
                  }
                ],
                "uuid": "1ddc5352-6f01-403f-bb54-6f64ed679582"
              },
              {
                "number": 6,
                "keyword": "if",
                "dynamicPickListSelection": {
                },
                "toggleCfg": {
                },
                "input": {
                  "type": "compound",
                  "operand": "and",
                  "conditions": [
                    {
                      "operand": "equals_to",
                      "lhs": "#{_('data.workato_service.bacddbab.reply.ConnectProductItemID')}",
                      "rhs": "#{_('data.new_connector_1_connector_243909_1626338639.297b33a7.records.first.item.id')}",
                      "uuid": "condition-f7edee43-22db-4295-9f03-e6f1c1f0f915"
                    }
                  ]
                },
                "block": [
                  {
                    "number": 7,
                    "provider": "zuora",
                    "name": "__adhoc_http_action",
                    "as": "6609dd08",
                    "title": "Create usage record",
                    "description": "Create <span class=\"provider\">usage record</span> in <span class=\"provider\">Zuora</span> (Custom)",
                    "keyword": "action",
                    "dynamicPickListSelection": {
                    },
                    "toggleCfg": {
                    },
                    "input": {
                      "mnemonic": "Create usage record",
                      "verb": "post",
                      "request_type": "json",
                      "response_type": "json",
                      "path": "/v1/object/usage",
                      "input": {
                        "schema": "[{\"control_type\":\"text\",\"label\":\"Account ID\",\"type\":\"string\",\"name\":\"AccountId\",\"details\":{\"real_name\":\"AccountId\"}},{\"control_type\":\"text\",\"label\":\"Charge number\",\"type\":\"string\",\"name\":\"ChargeNumber\",\"details\":{\"real_name\":\"ChargeNumber\"}},{\"control_type\":\"text\",\"label\":\"Description\",\"type\":\"string\",\"name\":\"Description\",\"details\":{\"real_name\":\"Description\"}},{\"control_type\":\"number\",\"label\":\"Quantity\",\"parse_output\":\"float_conversion\",\"type\":\"number\",\"name\":\"Quantity\",\"details\":{\"real_name\":\"Quantity\"}},{\"control_type\":\"text\",\"label\":\"Start date time\",\"render_input\":\"date_time_conversion\",\"parse_output\":\"date_time_conversion\",\"type\":\"date_time\",\"name\":\"StartDateTime\",\"details\":{\"real_name\":\"StartDateTime\"}},{\"control_type\":\"text\",\"label\":\"End date time\",\"render_input\":\"date_time_conversion\",\"parse_output\":\"date_time_conversion\",\"type\":\"date_time\",\"name\":\"EndDateTime\",\"details\":{\"real_name\":\"EndDateTime\"}},{\"control_type\":\"text\",\"label\":\"Subscription number\",\"type\":\"string\",\"name\":\"SubscriptionNumber\",\"details\":{\"real_name\":\"SubscriptionNumber\"}},{\"control_type\":\"text\",\"label\":\"UOM\",\"type\":\"string\",\"name\":\"UOM\",\"details\":{\"real_name\":\"UOM\"}}]",
                        "data": {
                          "AccountId": "#{_('data.zuora.e867f69e.accountId')}",
                          "ChargeNumber": "#{_('data.foreach.054d7066.ratePlanCharges.first.number')}",
                          "Quantity": "#{_('data.new_connector_1_connector_243909_1626338639.297b33a7.records.first.usage')}",
                          "StartDateTime": "#{_('data.new_connector_1_connector_243909_1626338639.297b33a7.records.first.start_date')}",
                          "EndDateTime": "#{_('data.new_connector_1_connector_243909_1626338639.297b33a7.records.first.end_date')}",
                          "SubscriptionNumber": "#{_('data.zuora.e867f69e.subscriptionNumber')}",
                          "UOM": "#{_('data.foreach.054d7066.ratePlanCharges.first.uom')}"
                        }
                      }
                    },
                    "extended_input_schema": [
                      {
                        "type": "string",
                        "name": "path",
                        "control_type": "text",
                        "label": "Path",
                        "hint": "Base URI is <b>https://rest.apisandbox.zuora.com</b> - path will be appended to this URI. Use absolute URI to override this base URI.",
                        "optional": false
                      },
                      {
                        "type": "string",
                        "name": "request_type",
                        "control_type": "select",
                        "label": "Request type",
                        "default": "json",
                        "sticky": false,
                        "pick_list": [
                          [
                            "JSON request body",
                            "json"
                          ],
                          [
                            "URL encoded form",
                            "urlencoded"
                          ],
                          [
                            "Multipart form",
                            "multipart"
                          ],
                          [
                            "Raw request body",
                            "raw"
                          ]
                        ],
                        "optional": true,
                        "extends_schema": true
                      },
                      {
                        "type": "string",
                        "name": "response_type",
                        "control_type": "select",
                        "label": "Response type",
                        "default": "json",
                        "sticky": false,
                        "pick_list": [
                          [
                            "JSON response",
                            "json"
                          ],
                          [
                            "Raw response",
                            "raw"
                          ]
                        ],
                        "optional": true,
                        "extends_schema": true
                      },
                      {
                        "type": "object",
                        "name": "input",
                        "label": "Input",
                        "optional": true,
                        "properties": [
                          {
                            "control_type": "schema-designer",
                            "label": "Request body parameters",
                            "extends_schema": true,
                            "schema_neutral": true,
                            "sample_data_type": "json_input",
                            "sticky": false,
                            "add_field_label": "Add request body parameter",
                            "optional": true,
                            "type": "string",
                            "name": "schema"
                          },
                          {
                            "properties": [
                              {
                                "control_type": "text",
                                "label": "Account ID",
                                "details": {
                                  "real_name": "AccountId"
                                },
                                "sticky": true,
                                "optional": true,
                                "type": "string",
                                "name": "AccountId"
                              },
                              {
                                "control_type": "text",
                                "label": "Charge number",
                                "details": {
                                  "real_name": "ChargeNumber"
                                },
                                "sticky": true,
                                "optional": true,
                                "type": "string",
                                "name": "ChargeNumber"
                              },
                              {
                                "control_type": "text",
                                "label": "Description",
                                "details": {
                                  "real_name": "Description"
                                },
                                "sticky": true,
                                "optional": true,
                                "type": "string",
                                "name": "Description"
                              },
                              {
                                "control_type": "number",
                                "label": "Quantity",
                                "parse_output": "float_conversion",
                                "details": {
                                  "real_name": "Quantity"
                                },
                                "sticky": true,
                                "optional": true,
                                "type": "number",
                                "name": "Quantity"
                              },
                              {
                                "control_type": "text",
                                "label": "Start date time",
                                "render_input": "date_time_conversion",
                                "parse_output": "date_time_conversion",
                                "details": {
                                  "real_name": "StartDateTime"
                                },
                                "sticky": true,
                                "optional": true,
                                "type": "date_time",
                                "name": "StartDateTime"
                              },
                              {
                                "control_type": "text",
                                "label": "End date time",
                                "render_input": "date_time_conversion",
                                "parse_output": "date_time_conversion",
                                "details": {
                                  "real_name": "EndDateTime"
                                },
                                "sticky": true,
                                "optional": true,
                                "type": "date_time",
                                "name": "EndDateTime"
                              },
                              {
                                "control_type": "text",
                                "label": "Subscription number",
                                "details": {
                                  "real_name": "SubscriptionNumber"
                                },
                                "sticky": true,
                                "optional": true,
                                "type": "string",
                                "name": "SubscriptionNumber"
                              },
                              {
                                "control_type": "text",
                                "label": "UOM",
                                "details": {
                                  "real_name": "UOM"
                                },
                                "sticky": true,
                                "optional": true,
                                "type": "string",
                                "name": "UOM"
                              }
                            ],
                            "label": "Data",
                            "optional": true,
                            "type": "object",
                            "name": "data"
                          }
                        ]
                      },
                      {
                        "type": "array",
                        "name": "request_headers",
                        "control_type": "key_value",
                        "label": "Request headers",
                        "optional": true,
                        "of": "object",
                        "properties": [
                          {
                            "control_type": "text",
                            "label": "Name",
                            "optional": true,
                            "type": "string",
                            "name": "name"
                          },
                          {
                            "control_type": "text",
                            "label": "Value",
                            "optional": true,
                            "type": "string",
                            "name": "value"
                          }
                        ]
                      },
                      {
                        "type": "string",
                        "name": "output",
                        "control_type": "schema-designer",
                        "label": "Response body",
                        "sticky": true,
                        "optional": true,
                        "extends_schema": true,
                        "schema_neutral": true
                      },
                      {
                        "type": "string",
                        "name": "response_headers",
                        "control_type": "schema-designer",
                        "label": "Response headers",
                        "sticky": false,
                        "optional": true,
                        "extends_schema": true,
                        "schema_neutral": true
                      }
                    ],
                    "uuid": "58084745-c2ec-45e6-bd0c-e43b56cbde98"
                  }
                ],
                "uuid": "88962fd1-9afa-4fd5-9bae-6cbb13128e39"
              }
            ],
            "source": "#{_('data.zuora.e867f69e.ratePlans')}",
            "uuid": "888e801b-6f4f-4c93-a290-726f951a69aa"
          }
        ],
        "source": "#{_('data.new_connector_1_connector_243909_1626338639.297b33a7.records')}",
        "uuid": "7513c62a-1770-443f-b382-2c03f1aecd8a"
      }
    ],
    "uuid": "242db0d6-5e6f-4c37-9233-14d1fec83ac0"
  },
  "config": [
    {
      "keyword": "application",
      "provider": "zuora",
      "skip_validation": false,
      "account_id": {
        "zip_name": "Connections/zuora_connector.connection.json",
        "name": "Zuora Connector",
        "folder": "Connections"
      }
    },
    {
      "keyword": "application",
      "provider": "workato_service",
      "skip_validation": false,
      "account_id": null
    },
    {
      "keyword": "application",
      "provider": "new_connector_1_connector_243909_1626338639",
      "skip_validation": false,
      "account_id": {
        "zip_name": "Connections/cb_connect_connector.connection.json",
        "name": "CB Connect Connector",
        "folder": "Connections",
        "custom": true
      }
    }
  ]
}