{
  "name": "Usage update",
  "description": "When there is a trigger event, do action",
  "version": 7,
  "private": true,
  "concurrency": 1,
  "code": {
    "number": 0,
    "provider": "new_connector_1_connector_243909_1626338639",
    "name": "new_usage_files",
    "as": "6b7b274c",
    "keyword": "trigger",
    "dynamicPickListSelection": {
    },
    "toggleCfg": {
    },
    "input": {
      "delay": "0",
      "since": "2020-09-07T00:00:00-07:00",
      "file_status": "accepted"
    },
    "visible_config_fields": [
      "delay",
      "file_status"
    ],
    "block": [
      {
        "number": 1,
        "provider": "new_connector_1_connector_243909_1626338639",
        "name": "get_usage_records",
        "as": "297b33a7",
        "keyword": "action",
        "dynamicPickListSelection": {
        },
        "toggleCfg": {
        },
        "input": {
          "file_id": "#{_('data.new_connector_1_connector_243909_1626338639.6b7b274c.id')}"
        },
        "uuid": "969091d9-90a2-4c99-87e7-1655fd20c8e7"
      },
      {
        "number": 2,
        "as": "eae3679e",
        "keyword": "foreach",
        "dynamicPickListSelection": {
        },
        "toggleCfg": {
        },
        "repeat_mode": "simple",
        "clear_scope": "false",
        "input": {
        },
        "block": [
          {
            "number": 3,
            "keyword": "try",
            "dynamicPickListSelection": {
            },
            "toggleCfg": {
            },
            "input": {
            },
            "block": [
              {
                "number": 4,
                "provider": "zuora",
                "name": "get_object",
                "as": "d9820588",
                "title": null,
                "description": "Get <span class=\"provider\">subscription</span> by ID in <span class=\"provider\">Zuora</span>",
                "keyword": "action",
                "dynamicPickListSelection": {
                },
                "toggleCfg": {
                },
                "input": {
                  "object": "subscription",
                  "id": "#{_('data.new_connector_1_connector_243909_1626338639.297b33a7.records.first.asset.external_id')}"
                },
                "extended_output_schema": [
                  {
                    "type": "number",
                    "name": "success",
                    "control_type": "number",
                    "label": "Success",
                    "optional": true,
                    "parse_output": "float_conversion"
                  },
                  {
                    "type": "string",
                    "name": "id",
                    "control_type": "text",
                    "label": "ID",
                    "optional": true
                  },
                  {
                    "type": "string",
                    "name": "accountId",
                    "control_type": "text",
                    "label": "Account ID",
                    "optional": true
                  },
                  {
                    "type": "string",
                    "name": "accountNumber",
                    "control_type": "text",
                    "label": "Account number",
                    "optional": true
                  },
                  {
                    "type": "string",
                    "name": "accountName",
                    "control_type": "text",
                    "label": "Account name",
                    "optional": true
                  },
                  {
                    "type": "string",
                    "name": "invoiceOwnerAccountId",
                    "control_type": "text",
                    "label": "Invoice owner account ID",
                    "optional": true
                  },
                  {
                    "type": "string",
                    "name": "invoiceOwnerAccountNumber",
                    "control_type": "text",
                    "label": "Invoice owner account number",
                    "optional": true
                  },
                  {
                    "type": "string",
                    "name": "invoiceOwnerAccountName",
                    "control_type": "text",
                    "label": "Invoice owner account name",
                    "optional": true
                  },
                  {
                    "type": "string",
                    "name": "subscriptionNumber",
                    "control_type": "text",
                    "label": "Subscription number",
                    "optional": true
                  },
                  {
                    "type": "number",
                    "name": "version",
                    "control_type": "number",
                    "label": "Version",
                    "optional": true,
                    "parse_output": "float_conversion"
                  },
                  {
                    "type": "string",
                    "name": "revision",
                    "control_type": "text",
                    "label": "Revision",
                    "optional": true
                  },
                  {
                    "type": "string",
                    "name": "termType",
                    "control_type": "text",
                    "label": "Term type",
                    "optional": true
                  },
                  {
                    "type": "number",
                    "name": "invoiceSeparately",
                    "control_type": "number",
                    "label": "Invoice separately",
                    "optional": true,
                    "parse_output": "float_conversion"
                  },
                  {
                    "type": "string",
                    "name": "contractEffectiveDate",
                    "control_type": "text",
                    "label": "Contract effective date",
                    "optional": true
                  },
                  {
                    "type": "string",
                    "name": "serviceActivationDate",
                    "control_type": "text",
                    "label": "Service activation date",
                    "optional": true
                  },
                  {
                    "type": "string",
                    "name": "customerAcceptanceDate",
                    "control_type": "text",
                    "label": "Customer acceptance date",
                    "optional": true
                  },
                  {
                    "type": "string",
                    "name": "subscriptionStartDate",
                    "control_type": "text",
                    "label": "Subscription start date",
                    "optional": true
                  },
                  {
                    "type": "string",
                    "name": "subscriptionEndDate",
                    "control_type": "text",
                    "label": "Subscription end date",
                    "optional": true
                  },
                  {
                    "type": "string",
                    "name": "termStartDate",
                    "control_type": "text",
                    "label": "Term start date",
                    "optional": true
                  },
                  {
                    "type": "string",
                    "name": "termEndDate",
                    "control_type": "text",
                    "label": "Term end date",
                    "optional": true
                  },
                  {
                    "type": "number",
                    "name": "initialTerm",
                    "control_type": "number",
                    "label": "Initial term",
                    "optional": true,
                    "parse_output": "float_conversion"
                  },
                  {
                    "type": "string",
                    "name": "initialTermPeriodType",
                    "control_type": "text",
                    "label": "Initial term period type",
                    "optional": true
                  },
                  {
                    "type": "number",
                    "name": "currentTerm",
                    "control_type": "number",
                    "label": "Current term",
                    "optional": true,
                    "parse_output": "float_conversion"
                  },
                  {
                    "type": "string",
                    "name": "currentTermPeriodType",
                    "control_type": "text",
                    "label": "Current term period type",
                    "optional": true
                  },
                  {
                    "type": "number",
                    "name": "autoRenew",
                    "control_type": "number",
                    "label": "Auto renew",
                    "optional": true,
                    "parse_output": "float_conversion"
                  },
                  {
                    "type": "string",
                    "name": "renewalSetting",
                    "control_type": "text",
                    "label": "Renewal setting",
                    "optional": true
                  },
                  {
                    "type": "number",
                    "name": "renewalTerm",
                    "control_type": "number",
                    "label": "Renewal term",
                    "optional": true,
                    "parse_output": "float_conversion"
                  },
                  {
                    "type": "string",
                    "name": "renewalTermPeriodType",
                    "control_type": "text",
                    "label": "Renewal term period type",
                    "optional": true
                  },
                  {
                    "type": "number",
                    "name": "contractedMrr",
                    "control_type": "number",
                    "label": "Contracted mrr",
                    "optional": true,
                    "parse_output": "float_conversion"
                  },
                  {
                    "type": "number",
                    "name": "totalContractedValue",
                    "control_type": "number",
                    "label": "Total contracted value",
                    "optional": true,
                    "parse_output": "float_conversion"
                  },
                  {
                    "type": "string",
                    "name": "notes",
                    "control_type": "text",
                    "label": "Notes",
                    "optional": true
                  },
                  {
                    "type": "string",
                    "name": "status",
                    "control_type": "text",
                    "label": "Status",
                    "optional": true
                  },
                  {
                    "type": "string",
                    "name": "QuoteNumber__QT",
                    "control_type": "text",
                    "label": "Quote number QT",
                    "optional": true
                  },
                  {
                    "type": "string",
                    "name": "QuoteBusinessType__QT",
                    "control_type": "text",
                    "label": "Quote business type QT",
                    "optional": true
                  },
                  {
                    "type": "string",
                    "name": "OpportunityCloseDate__QT",
                    "control_type": "text",
                    "label": "Opportunity close date QT",
                    "optional": true
                  },
                  {
                    "type": "string",
                    "name": "OpportunityName__QT",
                    "control_type": "text",
                    "label": "Opportunity name QT",
                    "optional": true
                  },
                  {
                    "type": "string",
                    "name": "ContactNumber__c",
                    "control_type": "text",
                    "label": "Contact number c",
                    "optional": true
                  },
                  {
                    "type": "string",
                    "name": "CpqBundleJsonId__QT",
                    "control_type": "text",
                    "label": "Cpq bundle json ID QT",
                    "optional": true
                  },
                  {
                    "type": "string",
                    "name": "QuoteType__QT",
                    "control_type": "text",
                    "label": "Quote type QT",
                    "optional": true
                  },
                  {
                    "type": "string",
                    "name": "IntegrationId__NS",
                    "control_type": "text",
                    "label": "Integration ID NS",
                    "optional": true
                  },
                  {
                    "type": "string",
                    "name": "IntegrationStatus__NS",
                    "control_type": "text",
                    "label": "Integration status NS",
                    "optional": true
                  },
                  {
                    "type": "string",
                    "name": "Project__NS",
                    "control_type": "text",
                    "label": "Project NS",
                    "optional": true
                  },
                  {
                    "type": "string",
                    "name": "SalesOrder__NS",
                    "control_type": "text",
                    "label": "Sales order NS",
                    "optional": true
                  },
                  {
                    "type": "string",
                    "name": "SyncDate__NS",
                    "control_type": "text",
                    "label": "Sync date NS",
                    "optional": true
                  },
                  {
                    "type": "array",
                    "name": "ratePlans",
                    "label": "Rate plans",
                    "optional": true,
                    "of": "object",
                    "properties": [
                      {
                        "control_type": "text",
                        "label": "ID",
                        "optional": true,
                        "type": "string",
                        "name": "id"
                      },
                      {
                        "control_type": "text",
                        "label": "Product ID",
                        "optional": true,
                        "type": "string",
                        "name": "productId"
                      },
                      {
                        "control_type": "text",
                        "label": "Product name",
                        "optional": true,
                        "type": "string",
                        "name": "productName"
                      },
                      {
                        "control_type": "text",
                        "label": "Product sku",
                        "optional": true,
                        "type": "string",
                        "name": "productSku"
                      },
                      {
                        "control_type": "text",
                        "label": "Product rate plan ID",
                        "optional": true,
                        "type": "string",
                        "name": "productRatePlanId"
                      },
                      {
                        "control_type": "text",
                        "label": "Rate plan name",
                        "optional": true,
                        "type": "string",
                        "name": "ratePlanName"
                      },
                      {
                        "control_type": "text",
                        "label": "Last change type",
                        "optional": true,
                        "type": "string",
                        "name": "lastChangeType"
                      },
                      {
                        "name": "ratePlanCharges",
                        "type": "array",
                        "of": "object",
                        "label": "Rate plan charges",
                        "optional": true,
                        "properties": [
                          {
                            "control_type": "text",
                            "label": "ID",
                            "optional": true,
                            "type": "string",
                            "name": "id"
                          },
                          {
                            "control_type": "text",
                            "label": "Original charge ID",
                            "optional": true,
                            "type": "string",
                            "name": "originalChargeId"
                          },
                          {
                            "control_type": "text",
                            "label": "Product rate plan charge ID",
                            "optional": true,
                            "type": "string",
                            "name": "productRatePlanChargeId"
                          },
                          {
                            "control_type": "text",
                            "label": "Number",
                            "optional": true,
                            "type": "string",
                            "name": "number"
                          },
                          {
                            "control_type": "text",
                            "label": "name",
                            "optional": true,
                            "type": "string",
                            "name": "name"
                          },
                          {
                            "control_type": "text",
                            "label": "type",
                            "optional": true,
                            "type": "string",
                            "name": "type"
                          },
                          {
                            "control_type": "text",
                            "label": "Model",
                            "optional": true,
                            "type": "string",
                            "name": "model"
                          },
                          {
                            "control_type": "text",
                            "label": "Uom",
                            "optional": true,
                            "type": "string",
                            "name": "uom"
                          },
                          {
                            "control_type": "number",
                            "label": "Version",
                            "parse_output": "float_conversion",
                            "optional": true,
                            "type": "number",
                            "name": "version"
                          },
                          {
                            "control_type": "text",
                            "label": "Pricing summary",
                            "optional": true,
                            "type": "string",
                            "name": "pricingSummary"
                          },
                          {
                            "control_type": "text",
                            "label": "Price change option",
                            "optional": true,
                            "type": "string",
                            "name": "priceChangeOption"
                          },
                          {
                            "control_type": "text",
                            "label": "Price increase percentage",
                            "optional": true,
                            "type": "string",
                            "name": "priceIncreasePercentage"
                          },
                          {
                            "control_type": "text",
                            "label": "Currency",
                            "optional": true,
                            "type": "string",
                            "name": "currency"
                          },
                          {
                            "control_type": "text",
                            "label": "Price",
                            "optional": true,
                            "type": "string",
                            "name": "price"
                          },
                          {
                            "control_type": "text",
                            "label": "Tiers",
                            "optional": true,
                            "type": "string",
                            "name": "tiers"
                          },
                          {
                            "control_type": "text",
                            "label": "Included units",
                            "optional": true,
                            "type": "string",
                            "name": "includedUnits"
                          },
                          {
                            "control_type": "text",
                            "label": "Overage price",
                            "optional": true,
                            "type": "string",
                            "name": "overagePrice"
                          },
                          {
                            "control_type": "number",
                            "label": "Discount percentage",
                            "parse_output": "float_conversion",
                            "optional": true,
                            "type": "number",
                            "name": "discountPercentage"
                          },
                          {
                            "control_type": "text",
                            "label": "Discount amount",
                            "optional": true,
                            "type": "string",
                            "name": "discountAmount"
                          },
                          {
                            "control_type": "text",
                            "label": "Apply discount to",
                            "optional": true,
                            "type": "string",
                            "name": "applyDiscountTo"
                          },
                          {
                            "control_type": "text",
                            "label": "Discount level",
                            "optional": true,
                            "type": "string",
                            "name": "discountLevel"
                          },
                          {
                            "control_type": "text",
                            "label": "Discount class",
                            "optional": true,
                            "type": "string",
                            "name": "discountClass"
                          },
                          {
                            "control_type": "text",
                            "label": "Billing day",
                            "optional": true,
                            "type": "string",
                            "name": "billingDay"
                          },
                          {
                            "control_type": "text",
                            "label": "List price base",
                            "optional": true,
                            "type": "string",
                            "name": "listPriceBase"
                          },
                          {
                            "control_type": "text",
                            "label": "Billing period",
                            "optional": true,
                            "type": "string",
                            "name": "billingPeriod"
                          },
                          {
                            "control_type": "text",
                            "label": "Specific billing period",
                            "optional": true,
                            "type": "string",
                            "name": "specificBillingPeriod"
                          },
                          {
                            "control_type": "text",
                            "label": "Billing timing",
                            "optional": true,
                            "type": "string",
                            "name": "billingTiming"
                          },
                          {
                            "control_type": "text",
                            "label": "Rating group",
                            "optional": true,
                            "type": "string",
                            "name": "ratingGroup"
                          },
                          {
                            "control_type": "text",
                            "label": "Billing period alignment",
                            "optional": true,
                            "type": "string",
                            "name": "billingPeriodAlignment"
                          },
                          {
                            "control_type": "number",
                            "label": "Quantity",
                            "parse_output": "float_conversion",
                            "optional": true,
                            "type": "number",
                            "name": "quantity"
                          },
                          {
                            "control_type": "text",
                            "label": "Smoothing model",
                            "optional": true,
                            "type": "string",
                            "name": "smoothingModel"
                          },
                          {
                            "control_type": "text",
                            "label": "Number of periods",
                            "optional": true,
                            "type": "string",
                            "name": "numberOfPeriods"
                          },
                          {
                            "control_type": "text",
                            "label": "Overage calculation option",
                            "optional": true,
                            "type": "string",
                            "name": "overageCalculationOption"
                          },
                          {
                            "control_type": "text",
                            "label": "Overage unused units credit option",
                            "optional": true,
                            "type": "string",
                            "name": "overageUnusedUnitsCreditOption"
                          },
                          {
                            "control_type": "text",
                            "label": "Unused units credit rates",
                            "optional": true,
                            "type": "string",
                            "name": "unusedUnitsCreditRates"
                          },
                          {
                            "control_type": "text",
                            "label": "Usage record rating option",
                            "optional": true,
                            "type": "string",
                            "name": "usageRecordRatingOption"
                          },
                          {
                            "control_type": "number",
                            "label": "Segment",
                            "parse_output": "float_conversion",
                            "optional": true,
                            "type": "number",
                            "name": "segment"
                          },
                          {
                            "control_type": "text",
                            "label": "Effective start date",
                            "optional": true,
                            "type": "string",
                            "name": "effectiveStartDate"
                          },
                          {
                            "control_type": "text",
                            "label": "Effective end date",
                            "optional": true,
                            "type": "string",
                            "name": "effectiveEndDate"
                          },
                          {
                            "control_type": "text",
                            "label": "Processed through date",
                            "optional": true,
                            "type": "string",
                            "name": "processedThroughDate"
                          },
                          {
                            "control_type": "text",
                            "label": "Charged through date",
                            "optional": true,
                            "type": "string",
                            "name": "chargedThroughDate"
                          },
                          {
                            "control_type": "number",
                            "label": "Done",
                            "parse_output": "float_conversion",
                            "optional": true,
                            "type": "number",
                            "name": "done"
                          },
                          {
                            "name": "discountApplyDetails",
                            "type": "array",
                            "of": "object",
                            "label": "Discount apply details",
                            "optional": true,
                            "properties": [
                              {
                                "control_type": "text",
                                "label": "Applied product rate plan charge ID",
                                "optional": true,
                                "type": "string",
                                "name": "appliedProductRatePlanChargeId"
                              },
                              {
                                "control_type": "text",
                                "label": "Applied product rate plan ID",
                                "optional": true,
                                "type": "string",
                                "name": "appliedProductRatePlanId"
                              }
                            ]
                          },
                          {
                            "name": "tiers",
                            "type": "array",
                            "of": "object",
                            "label": "Tiers",
                            "optional": true,
                            "properties": [
                              {
                                "control_type": "number",
                                "label": "Ending unit",
                                "parse_output": "float_conversion",
                                "optional": true,
                                "type": "number",
                                "name": "endingUnit"
                              },
                              {
                                "control_type": "number",
                                "label": "Price",
                                "parse_output": "float_conversion",
                                "optional": true,
                                "type": "number",
                                "name": "price"
                              },
                              {
                                "control_type": "number",
                                "label": "Starting unit",
                                "parse_output": "float_conversion",
                                "optional": true,
                                "type": "number",
                                "name": "startingUnit"
                              },
                              {
                                "control_type": "number",
                                "label": "Tier",
                                "parse_output": "float_conversion",
                                "optional": true,
                                "type": "number",
                                "name": "tier"
                              },
                              {
                                "control_type": "text",
                                "label": "Price format",
                                "optional": true,
                                "type": "string",
                                "name": "priceFormat"
                              }
                            ]
                          },
                          {
                            "label": "Charge model configuration",
                            "optional": true,
                            "type": "object",
                            "name": "chargeModelConfiguration",
                            "properties": [
                              {
                                "control_type": "text",
                                "label": "Custom field per unit rate",
                                "optional": true,
                                "type": "string",
                                "name": "customFieldPerUnitRate"
                              },
                              {
                                "control_type": "text",
                                "label": "Custom field total amount",
                                "optional": true,
                                "type": "string",
                                "name": "customFieldTotalAmount"
                              },
                              {
                                "control_type": "text",
                                "label": "Formula",
                                "optional": true,
                                "type": "string",
                                "name": "formula"
                              }
                            ]
                          },
                          {
                            "control_type": "text",
                            "label": "Trigger date",
                            "optional": true,
                            "type": "string",
                            "name": "triggerDate"
                          },
                          {
                            "control_type": "text",
                            "label": "Trigger event",
                            "optional": true,
                            "type": "string",
                            "name": "triggerEvent"
                          },
                          {
                            "control_type": "text",
                            "label": "End date condition",
                            "optional": true,
                            "type": "string",
                            "name": "endDateCondition"
                          },
                          {
                            "control_type": "text",
                            "label": "Up to periods type",
                            "optional": true,
                            "type": "string",
                            "name": "upToPeriodsType"
                          },
                          {
                            "control_type": "number",
                            "label": "Up to periods",
                            "parse_output": "float_conversion",
                            "optional": true,
                            "type": "number",
                            "name": "upToPeriods"
                          },
                          {
                            "control_type": "text",
                            "label": "Specific end date",
                            "optional": true,
                            "type": "string",
                            "name": "specificEndDate"
                          },
                          {
                            "control_type": "number",
                            "label": "Mrr",
                            "parse_output": "float_conversion",
                            "optional": true,
                            "type": "number",
                            "name": "mrr"
                          },
                          {
                            "control_type": "number",
                            "label": "Dmrc",
                            "parse_output": "float_conversion",
                            "optional": true,
                            "type": "number",
                            "name": "dmrc"
                          },
                          {
                            "control_type": "number",
                            "label": "Tcv",
                            "parse_output": "float_conversion",
                            "optional": true,
                            "type": "number",
                            "name": "tcv"
                          },
                          {
                            "control_type": "number",
                            "label": "Dtcv",
                            "parse_output": "float_conversion",
                            "optional": true,
                            "type": "number",
                            "name": "dtcv"
                          },
                          {
                            "control_type": "text",
                            "label": "Description",
                            "optional": true,
                            "type": "string",
                            "name": "description"
                          }
                        ]
                      },
                      {
                        "name": "subscriptionProductFeatures",
                        "type": "array",
                        "of": "object",
                        "label": "Subscription product features",
                        "optional": true,
                        "properties": [
                          {
                            "control_type": "text",
                            "label": "ID",
                            "optional": true,
                            "type": "string",
                            "name": "id"
                          },
                          {
                            "control_type": "text",
                            "label": "name",
                            "optional": true,
                            "type": "string",
                            "name": "name"
                          },
                          {
                            "control_type": "text",
                            "label": "Feature code",
                            "optional": true,
                            "type": "string",
                            "name": "featureCode"
                          },
                          {
                            "control_type": "text",
                            "label": "Description",
                            "optional": true,
                            "type": "string",
                            "name": "description"
                          }
                        ]
                      },
                      {
                        "control_type": "text",
                        "label": "CB Connect Asset ID",
                        "custom": true,
                        "optional": true,
                        "type": "string",
                        "name": "CBConnectAssetID__c"
                      },
                      {
                        "control_type": "text",
                        "label": "Plan Status",
                        "custom": true,
                        "optional": true,
                        "type": "string",
                        "name": "planstatus__c"
                      },
                      {
                        "control_type": "text",
                        "label": "tes123",
                        "custom": true,
                        "optional": true,
                        "type": "string",
                        "name": "tes123__c"
                      }
                    ]
                  },
                  {
                    "type": "string",
                    "name": "ConnectErrorMessage__c",
                    "control_type": "text",
                    "label": "Connect Error Message",
                    "optional": true,
                    "custom": true
                  },
                  {
                    "type": "string",
                    "name": "ConnectExternalUID__c",
                    "control_type": "text",
                    "label": "Connect External UID",
                    "optional": true,
                    "custom": true
                  },
                  {
                    "type": "string",
                    "name": "ConnectLastOrder__c",
                    "control_type": "text",
                    "label": "Connect Last Order",
                    "optional": true,
                    "custom": true
                  },
                  {
                    "type": "string",
                    "name": "ConnectMarketplace__c",
                    "control_type": "select",
                    "label": "Connect Marketplace",
                    "pick_list": [
                      [
                        "Distribution Agreement for Australia",
                        "Distribution Agreement for Australia"
                      ],
                      [
                        "Distribution Agreement for Middle East",
                        "Distribution Agreement for Middle East"
                      ]
                    ],
                    "optional": true,
                    "custom": true,
                    "toggle_hint": "Select from list",
                    "toggle_field": {
                      "name": "ConnectMarketplace__c",
                      "label": "Connect Marketplace",
                      "toggle_hint": "Use custom value",
                      "type": "string",
                      "control_type": "text"
                    }
                  },
                  {
                    "type": "string",
                    "name": "ConnectStatus__c",
                    "control_type": "text",
                    "label": "Connect Status",
                    "optional": true,
                    "custom": true
                  },
                  {
                    "type": "string",
                    "name": "HTMLtest__c",
                    "control_type": "text",
                    "label": "HTML test",
                    "optional": true,
                    "custom": true
                  },
                  {
                    "type": "string",
                    "name": "InquiryLink__c",
                    "control_type": "text",
                    "label": "Connect Inquiry Link",
                    "optional": true,
                    "custom": true
                  },
                  {
                    "type": "string",
                    "name": "PartnerID__c",
                    "control_type": "text",
                    "label": "Partner ID",
                    "optional": true,
                    "custom": true
                  },
                  {
                    "type": "string",
                    "name": "test__c__c",
                    "control_type": "text",
                    "label": "test__c",
                    "optional": true,
                    "custom": true
                  }
                ],
                "extended_input_schema": [
                  {
                    "type": "string",
                    "name": "id",
                    "control_type": "text",
                    "label": "Subscription ID",
                    "hint": "Provide subscription ID or number.",
                    "optional": false
                  }
                ],
                "uuid": "907a57f7-b864-4d09-932c-98cd48d73daa"
              },
              {
                "number": 5,
                "as": "11706cbf",
                "keyword": "catch",
                "dynamicPickListSelection": {
                },
                "toggleCfg": {
                },
                "input": {
                  "max_retry_count": "0",
                  "retry_interval": "2"
                },
                "block": [
                  {
                    "number": 6,
                    "keyword": "stop",
                    "dynamicPickListSelection": {
                    },
                    "toggleCfg": {
                    },
                    "input": {
                      "stop_with_error": "false"
                    },
                    "comment": "Stop Job if not Zuora Subscription",
                    "uuid": "79938890-4562-42e6-bf71-c35391ab1341"
                  }
                ],
                "uuid": "ac0d95a3-2cfb-443d-b8e2-cbbda59c9e4d"
              }
            ],
            "uuid": "043acb58-2298-4d80-bfd6-541ed8f524bc"
          },
          {
            "number": 7,
            "as": "054d7066",
            "keyword": "foreach",
            "dynamicPickListSelection": {
            },
            "toggleCfg": {
            },
            "repeat_mode": "simple",
            "clear_scope": "false",
            "input": {
            },
            "block": [
              {
                "number": 8,
                "provider": "workato_service",
                "name": "call_service",
                "as": "bacddbab",
                "title": null,
                "description": "Call recipe <span class=\"provider\">Get Product by RatePlanId</span> ",
                "keyword": "action",
                "dynamicPickListSelection": {
                  "flow_id": "Get Product by RatePlanId"
                },
                "toggleCfg": {
                },
                "input": {
                  "flow_id": {
                    "zip_name": "Recipes/get_connect_product_info_by_productrateplanid.recipe.json",
                    "name": "Get Connect product info by ProductRatePlanId",
                    "folder": "Recipes"
                  },
                  "request": {
                    "ProductRatePlanId": "#{_('data.foreach.054d7066.productRatePlanId')}"
                  }
                },
                "extended_output_schema": [
                  {
                    "type": "object",
                    "name": "reply",
                    "label": "Reply",
                    "properties": [
                      {
                        "control_type": "text",
                        "label": "Connect product ID",
                        "name": "ConnectProductID",
                        "type": "string",
                        "optional": false
                      },
                      {
                        "control_type": "text",
                        "label": "Connect product item ID",
                        "name": "ConnectProductItemID",
                        "type": "string",
                        "optional": false
                      }
                    ]
                  }
                ],
                "extended_input_schema": [
                  {
                    "type": "object",
                    "name": "request",
                    "label": "Recipe input",
                    "properties": [
                      {
                        "control_type": "text",
                        "label": "Product rate plan ID",
                        "name": "ProductRatePlanId",
                        "type": "string",
                        "optional": false
                      }
                    ]
                  }
                ],
                "uuid": "1ddc5352-6f01-403f-bb54-6f64ed679582"
              },
              {
                "number": 9,
                "keyword": "if",
                "dynamicPickListSelection": {
                },
                "toggleCfg": {
                },
                "input": {
                  "type": "compound",
                  "operand": "and",
                  "conditions": [
                    {
                      "operand": "equals_to",
                      "lhs": "#{_('data.workato_service.bacddbab.reply.ConnectProductItemID')}",
                      "rhs": "#{_('data.new_connector_1_connector_243909_1626338639.297b33a7.records.first.item.id')}",
                      "uuid": "condition-f7edee43-22db-4295-9f03-e6f1c1f0f915"
                    }
                  ]
                },
                "block": [
                  {
                    "number": 10,
                    "provider": "zuora",
                    "name": "create_record",
                    "as": "e458fe39",
                    "title": null,
                    "description": "Create <span class=\"provider\">usage</span> in <span class=\"provider\">Zuora</span>",
                    "keyword": "action",
                    "dynamicPickListSelection": {
                      "object": "Usage"
                    },
                    "toggleCfg": {
                    },
                    "input": {
                      "object": "Usage",
                      "AccountId": "#{_('data.zuora.d9820588.accountId')}",
                      "ChargeNumber": "#{_('data.foreach.054d7066.ratePlanCharges.first.number')}",
                      "Quantity": "#{_('data.new_connector_1_connector_243909_1626338639.297b33a7.records.first.usage')}",
                      "EndDateTime": "#{_('data.new_connector_1_connector_243909_1626338639.297b33a7.records.first.end_date')}",
                      "StartDateTime": "#{_('data.new_connector_1_connector_243909_1626338639.297b33a7.records.first.start_date')}",
                      "SubscriptionNumber": "#{_('data.zuora.d9820588.subscriptionNumber')}",
                      "UOM": "#{_('data.foreach.054d7066.ratePlanCharges.first.uom')}"
                    },
                    "extended_input_schema": [
                      {
                        "type": "string",
                        "name": "AccountId",
                        "control_type": "text",
                        "label": "Account ID",
                        "optional": false
                      },
                      {
                        "type": "string",
                        "name": "AccountNumber",
                        "control_type": "text",
                        "label": "Account Number",
                        "optional": true
                      },
                      {
                        "type": "string",
                        "name": "ChargeId",
                        "control_type": "text",
                        "label": "Charge ID",
                        "optional": true
                      },
                      {
                        "type": "string",
                        "name": "ChargeNumber",
                        "control_type": "text",
                        "label": "ChargeNumber",
                        "optional": true
                      },
                      {
                        "type": "string",
                        "name": "Description",
                        "control_type": "text",
                        "label": "Description",
                        "optional": true
                      },
                      {
                        "type": "date_time",
                        "name": "EndDateTime",
                        "control_type": "date_time",
                        "label": "End Date",
                        "optional": true,
                        "render_input": "date_time_conversion",
                        "parse_output": "date_time_conversion"
                      },
                      {
                        "type": "number",
                        "name": "Quantity",
                        "control_type": "number",
                        "label": "Quantity",
                        "optional": true,
                        "parse_output": "float_conversion"
                      },
                      {
                        "type": "string",
                        "name": "RbeStatus",
                        "control_type": "select",
                        "label": "RBE Status",
                        "pick_list": [
                          [
                            "Importing",
                            "Importing"
                          ],
                          [
                            "Pending",
                            "Pending"
                          ],
                          [
                            "Processed",
                            "Processed"
                          ]
                        ],
                        "optional": true,
                        "toggle_hint": "Select from list",
                        "toggle_field": {
                          "name": "RbeStatus",
                          "label": "RBE Status",
                          "toggle_hint": "Use custom value",
                          "type": "string",
                          "control_type": "text"
                        }
                      },
                      {
                        "type": "date_time",
                        "name": "StartDateTime",
                        "control_type": "date_time",
                        "label": "Start Date",
                        "optional": true,
                        "render_input": "date_time_conversion",
                        "parse_output": "date_time_conversion"
                      },
                      {
                        "type": "date_time",
                        "name": "SubmissionDateTime",
                        "control_type": "date_time",
                        "label": "Submission Date",
                        "optional": true,
                        "render_input": "date_time_conversion",
                        "parse_output": "date_time_conversion"
                      },
                      {
                        "type": "string",
                        "name": "SubscriptionId",
                        "control_type": "text",
                        "label": "Subscription ID",
                        "optional": true
                      },
                      {
                        "type": "string",
                        "name": "SubscriptionNumber",
                        "control_type": "text",
                        "label": "SubscriptionNumber",
                        "optional": true
                      },
                      {
                        "type": "string",
                        "name": "UOM",
                        "control_type": "text",
                        "label": "Unit of Measure",
                        "optional": true
                      }
                    ],
                    "visible_config_fields": [
                      "object",
                      "ChargeId",
                      "ChargeNumber",
                      "Description",
                      "EndDateTime",
                      "Quantity",
                      "RbeStatus",
                      "StartDateTime",
                      "SubmissionDateTime",
                      "AccountId",
                      "AccountNumber",
                      "SubscriptionId",
                      "SubscriptionNumber",
                      "UOM"
                    ],
                    "uuid": "fa03733e-5f8e-42f8-8fd5-7825619bfd18"
                  }
                ],
                "uuid": "88962fd1-9afa-4fd5-9bae-6cbb13128e39"
              }
            ],
            "source": "#{_('data.zuora.d9820588.ratePlans')}",
            "uuid": "888e801b-6f4f-4c93-a290-726f951a69aa"
          }
        ],
        "source": "#{_('data.new_connector_1_connector_243909_1626338639.297b33a7.records')}",
        "uuid": "7513c62a-1770-443f-b382-2c03f1aecd8a"
      }
    ],
    "uuid": "242db0d6-5e6f-4c37-9233-14d1fec83ac0"
  },
  "config": [
    {
      "keyword": "application",
      "provider": "zuora",
      "skip_validation": false,
      "account_id": {
        "zip_name": "Connections/zuora.connection.json",
        "name": "Zuora",
        "folder": "Connections"
      }
    },
    {
      "keyword": "application",
      "provider": "workato_service",
      "skip_validation": false,
      "account_id": null
    },
    {
      "keyword": "application",
      "provider": "new_connector_1_connector_243909_1626338639",
      "skip_validation": false,
      "account_id": {
        "zip_name": "Connections/cloudblue_connect.connection.json",
        "name": "CloudBlue Connect",
        "folder": "Connections",
        "custom": true
      }
    }
  ]
}